name,chain,deployer,contract_address,deployment_transaction,attack_transaction
20240724_Spectra_finance,eth,0x53635bF7B92B9512F6De0eB7450b26d5d1AD9a4C,0xBa8CE86147DeD54C0879C9a954f9754a472704AA,0xda57ce2dc51ca7a04c797b06cb39842017da23242bc4836009fb7db293c4a253,0x491cf8b2a5753fdbf3096b42e0a16bc109b957dc112d6537b1ed306e483d0744
20240716 Lifiprotocol,eth,0x8B3Cb6Bf982798fba233Bca56749e22EEc42DcF3,0x986aca5f2cA6b120F4361c519d7a49C5AC50C240,0x0c0a6db24a31615ef986ab64600d560ba528867e46ba2dde486117b36c60fa78,0xd82fe84e63b1aa52e1ce540582ee0895ba4a71ec5e7a632a3faa1aff3e763873
20240712_DoughFina,eth,0x67104175fc5fabbdb5A1876c3914e04B94c71741,0x11A8DC866C5d03ff06bb74565b6575537B215978,0x903ab71fcf63fe3beb649317dfccd89845f6894d2c6f39c714564b88b2165dd6,0x92cdcc732eebf47200ea56123716e337f6ef7d5ad714a2295794fdc6031ebb2e
20240711_SBT,bsc,0x3026C464d3Bd6Ef0CeD0D49e80f171b58176Ce32,0x88f9E1799465655F0DD206093dBD08922A1D9E28,0xf233386175b699c7c9dd1944d229833ad90dc898c6fa560ee8f2b777caf8d7ff,0x9a8c4c4edb7a76ecfa935780124c409f83a08d15c560bb67302182f8969be20d
20240705_DeFiPlaza,eth,0x14B362d2E38250604F21A334D71C13E2eD478467,0xa4E8969BBa1e1d48c30c948de0884Cdff43e2d54,0x8f029510dbcc4885d5f5242f3583f4d31f9134d9eddaa30a1afa353f6bd4f7b0,0xe00b0998d71b0e657379be196babd1637a653c100e8162853ca6616c3970790d
20240703_UnverifiedContr_0x452E25,eth,0xabee16E74DD268105f166C27a847eDC2b8e7cc4e,0x27b27842771DF79AF6A69795f6fCA0948C8333c0,0xbea7358c1d84d5e52047ffde39509ea159d609dd601986f54898032677be146d,0x1194e1d6085885ce054a7ff8cd3cd0c3fa308ec87e4ccde8dd0549842fef4f1b
20240702_MRP,bsc,0x132D9bbDBE718365aF6Cc9e43bac109A9A53B138,0x2Bd8980A925E6f5a910be8Cc0Ad1CfF663E62d9D,0xf2c9ba25b63e7932630d2beeaa9c6805d1000790a9a34a896d8eac463f2255a5,0x4353a6d37e95a0844f511f0ea9300ef3081130b24f0cf7a4bd1cae26ec393101
20240628_Will,bsc,0xb6911DEE6a5b1c65Ad1aC11A99AeC09C2Cf83c0e,0x63B4de190c35f900bB7Adf1a13d66fB1F0d624a1,0xfaa9f33fdcda61eae13b27cd5a7fe1964114c9f75d4a7ef1f53b1ee598a08914,0xc12ccc3bdaf3f0ec1efa09d089a0c1dbad05519e1eb0fa6475ffcc6317cbde4d
20240627_APEMAGA,eth,0xb297735E9Fb3E695CCCE3963bFE042F318901Ea0,0x8De6314058C0b7eea809881d73e69B425c01f0B5,0xb310d76120a8a1124533e49d6e91721624435b0df240b54c897307205df06105,0x6beb21b53f5b205c088570333ec875b720e333b49657f7026b01ed72b026851e
20240618_INcufi,bsc,0xb6911DEE6a5b1c65Ad1aC11A99AeC09C2Cf83c0e,0x4237d006471B38aF0e1691c00d96193a8ff5709f,0xa0dad9d26e7c8c5e09b07cc97793a44580c0786878c1646358a35fddb8cd1044,0x42e8b96b6e20da77bd054924913a852eaa3985a3b4f713ccef1c7f4c228114a9
20240616_WIFCOIN_ETH,eth,0x394BA273315240510b61cA22Ba152E3478A45892,0x93D4F6f84d242C7959f8d1F1917DdbC9Fb925ADA,0x197d8e5be11dda55cbddae220bca42f8192e63c7b7c0bdcb2b526df91868e063,0xda8f6a4bed7e5689a343d111632d37480c0316f1d20b732803c4bd482823e284
20240616_Crb2,bsc,0x65bBA34C11aDd305cB2A1f8A68ceCbd6E75089Cd,0x73ceea4C6571DbCf9BCc9eA77b1D8107b1D46280,0x0c96a340056730893daceb9ad07cbebf516013bbddc64d949aeda025001668ce,0xde59f5bd65e8f48e5b6137a3b4251afbb9b6240d1036fa6f030e21ab6d950aac
20240611_JokInTheBox,eth,0xFcd4ACBc55DF53fBc4C9D275e3495B490635f113,0x9D3425D45df30183fdA059C586543dCDeB5993E6,0x9aa5374517fc33186394aa809bc9afac35018a47de10348ef29366533fa836c2,0xe8277ef6ba8611bd12dc5a6e7ca4b984423bc0b3828159f83b466fdcf4fe054f
20240608_YYStoken,bsc,0x101723dEf8695f5bb8D5d4AA70869c10b5Ff6340,0x4192aBd1466B49bE9D1E99918AEE99E0dbd65289,0xfda026b479c5e0070f4eed542b292031f4e077c6917d211820c572ac33842cda,0x397a09af6494c0bfcd89e010f5dd65d90f3ee1cf1ff813ce5b0c1d42a1c8dec9
20240606_MineSTM,bsc,0x40a82DFDBF01630eA87a0372CF95FA8636fcAD89,0x88C17622D33b327268924E9f90A9E475A244E3ab,0x410495e2026f2d0e2a8fbb321ccf35b30940ce172ffc57be3745c0a6aabb4d4f,0x849ed7f687cc2ebd1f7c4bed0849893e829a74f512b7f4a18aea39a3ef4d83b1
20240606_SteamSwap,bsc,0xB2d546547168f61DeBF0A780210b5591e4DD39A8,0xa4fD1beAC3B5Fb78A8EC074338152100b87437a9,0xb410d5b965e02412490d30c6cab11d1478b8ba4dbf2651634b6e1f2be2f44cb0,0x40f3bdd0a3a8d0476ae6aa2875dc2ec60b80812e2a394b67a88260df57c65522
20240531_Liquiditytokens,bsc,0x6951EB8a4A1DAb360F2230Fb654551335d560ec0,0xbDFbb387FBF20379c016998Ac609871C3357D749,0xdf433566f476839bf5bc03ab7c2fab3ba54b4bbeb627d8e7aec805ac37805438,0x8d27f9a15b1834e5f9e55d47ec32d01e7fe54f93cfc6ea9d4e8c5fbe72756897
20240529_MetaDragon,bsc,0xc468d9a3a5557bff457586438c130e3afbec2ff9,0xDAEF6079Cb84405Dac688a9f6956C6830b7DdBc6,0xa6137c00e0dfcd7bf82f6c78c4eb35cb63e55b40b5135b60da6fe7215754c9c5,0x3ad998a01ad1f1bbe6dba6a08e658c1749dabfa4a07da20ded3c73bcd6970d20
20240528_EXcommunity,bsc,0xb6911DEE6a5b1c65Ad1aC11A99AeC09C2Cf83c0e,0x30EEEc783c7C4d5b557c69620a54239BED9ABf1c,0xdeff5c6d8ab12683ee45c6405c761eece01c01b8dd79d079135c81c424b2d500,0x5446bf2b57749abdab01813a50ce36246177f3437599f3a56bc1554f596b2c3a
20240528_Tradeonorion,bsc,0x51177DB1Ff3b450007958447946A2EEe388288D2,0xF8BfaC82BdD7aC82D3AEEC98B9E1e73579509DB6,0x768532603a4894a6f59dd6529b4749779e62d2cab733f6b32096a3cf64dbfecb,0x660837a1640dd9cc0561ab7ff6c85325edebfa17d8b11a3bb94457ba6dcae18c
20240522_Burner,eth,0xe6DCF87256866e293B825708bF1F5DF8f07519B3,0x1BCC8378943aAeE2d99A4e73ddf6C01F62825844,0x73257c44898a004f2e95b4ccc1fa3288bef1a431593b8b671e2f7cd1e9b4271a,0x3bba4fb6de00dd38df3ad68e51c19fe575a95a296e0632028f101c5199b6f714
20240516_TCH,bsc,0xB9596D6e53d81981b9f06Ca2Ca6d3E422232d575,0x258850eC735F6532FE34FE24EF9628992a9b7E84,0x2a4832988dd17893bd42621135556b662483f3313fdb69cf39376d894cd8f59e,0xa94338d8aa312ed4b97b2a4dcb27f632b1ade6f3abec667e3bf9f002a75dabe0
20240512_TGC,bsc,0x36Fb87C3e65Ec608d37e38bD556Fb6EBdB3D8A39,0x3E1c5Ddd39801C1e72e5aB7E19c614fd398747f8,0xc236b467624863bee5f8a5e877d5a14f9ddf1ebec5004ba29a43405ade59622e,0x12e8c24dec36a29fdd9b9d7a8b587b3abd2519089b6438c194e6e5eb357b68d8
20240507_SATURN,bsc,0xc468D9A3a5557BfF457586438c130E3AFbeC2ff9,0xdb5055037125554553ca327cfa97a3acb8df814c,0xad7ba3c3ca6012f4bf62591a794019b714aa2b1c6f050b71c0ec37e7a18f4d4b,0x948132f219c0a1adbffbee5d9dc63bec676dd69341a6eca23790632cb9475312
20240506_OSN,bsc,0x835B45D38cbDccf99E609436FF38E31Ac05bc502,0x4A5ACAc3B62eF37CF6Aaf21BAf133323a18daFc2,0x3714d19f542e16c6b2448b8755bc3a44ddb45e946e810a014e6de75212c86b9b,0xc7927a68464ebab1c0b1af58a5466da88f09ba9b30e6c255b46b1bc2e7d1bf09
20240425_NGFS,bsc,0xD03D360Dfc1daC7935E114D564a088077E6754a0,0xC73781107d086754314f7720cA14aB8C5aD035E4,0x63262815c0760d16820496f582bd53fad224a7c011685aa27a9650a8d4589547,0x8ff764dde572928c353716358e271638fa05af54be69f043df72ad9ad054de25
20240424_XBridge,eth,0x0cFC28d16d07219249c6D6d6AE24E7132EE4CaA7,0x445d2656E557e19800b2A3b9bE547DB56ed3c8D4,0xa15d0280b91a239a448c0e58bd867aff4959461dc8cb676ffecd94d40d3fdeee,0xe09d350d8574ac1728ab5797e3aa46841f6c97239940db010943f23ad4acf7ae
20240422_Z123,bsc,0x3026C464d3Bd6Ef0CeD0D49e80f171b58176Ce32,0x61Dd07Ce0cEcF0d7BaCf5EB208C57D16bBdEE168,0x4723af28b682cfecb0e1105096b0e12f229a644f6df8afc1f9e1baf33e4ea1a0,0xc0c4e99a76da80a4cf43d3110364840151226c0a197c1728bb60dc3f1b3a6a27
20240419_HedgeyFinanc,eth,0xDed2b1a426E1b7d415A40Bcad44e98F47181dda2,0xC793113F1548B97E37c409f39244EE44241bF2b3,0xf6dfdd6b152d9bf03ff296ddc980757c198e8bff0c85f949bba1f533ca493828,0xa17fdb804728f226fcd10e78eae5247abd984e0f03301312315b89cae25aa517
20240417_UnverifiedContr_0x00C409,eth,0x6bEff34a8864b6d44d49Ba300c551A81011d6B19,0x47BD685eAD1022f4F095b004445D6Ac3643102f8,0xcad5e2bcec31fcace072f22b6fa2febc3441711730d3e70b4bdeb674ac537504,0x998f1da472d927e74405b0aa1bbf5c1dbc50d74b39977bed3307ea2ada1f1d3f
20240416_SATX,bsc,0xBEF24B94C205999ea17d2ae4941cE849C9114bfd,0x9C63d6328C8e989c99b8e01DE6825e998778B103,0x0f97c71663c566e78e235bc141c21dc6527eba7fc305fb04bbc693f1d56c7f9c,0x7e02ee7242a672fb84458d12198fae4122d7029ba64f3673e7800d811a8de93f
20240416_MARS,bsc,0x306174B707EbF6d7301a0BCd898ae1666Ec176ae,0x797acb321Cb10154AA807FCd1e155C34135483CD,0xe81a1791b7697d1a25f56f8177ee776852ed0c6fee84972e10b1cd548a8b871b,0x25e2af0a55581d5629a933af9fedd3c70e6d0c320f0b72700ca80e5cdd36c80b
20240415_GFA,bsc,0x0740100ad48D22Bc648901520a313B46557f8ada,0xbF65cADB3F637e87271A4D9a62F03a634A61A19C,0xd2c54c27aa5da0694d5decfcbe3e0cc895d363143111c97df117e5d008120dc3,0xe15d6f7fa891c2626819209edf2d5ded6948310eaada067b400062aa022ce718
20240414_Hackathon,bsc,0xF4C11ac8040936DA701015E196BC62E645592E6D,0x3907F01C1CAC4e758b97E89aAA761051021C5b77,0xb182a26189d8db861c53fb8cdc50064b8ae10d6737a6ea8c84a3e3aba1e8240f,0xea181f730886ece947e255ab508f5af1d0f569fee3368b651d5dbb28549087b5
20240409_UPS,bsc,0xc4c306c20B4A22F1d261F11C40e88603dD2A2888,0xF5D943805284bFA9c58EB3D777Dd5791b5f9dA10,0xf3810ae72d6463d2ebf2dd1921ab36523fadcc079168b23d1089f3d1c1baa686,0xd03702e17171a32464ce748b8797008d59e2dbcecd3b3847d5138414566c886d
20240408_SQUID,bsc,0x418038CD60D7AD3006075411765c34048907e7E7,0x0aB83929eC6698F8D897c23a986e5180934aF53D,0xa616a97dddaffbe60f8370436b3bf14626c514cfa6e21d2e2fd25b6ea8a03cef,0x9fcf38d0af4dd08f4d60f7658b623e35664e74bca0eaebdb0c3b9a6965d6257b
20240412_GROKD,bsc,0x2f5181AAAb8776D8C67d4505FF47213391908b34,0x98aa55463d2d4d957a53e9F8cC1eFD39C4003A74,0x620e5eb6539b3c591f5b57313f55fd51e88cf4a8e777f3a465fa69a39f0e58d3,0x383dbb44a91687b2b9bbd8b6779957a198d114f24af662776f384569b84fc549
20240415_Chainge,bsc,0x6eEc0F4c017AFe3DfAdF32b51339C37E9fD59dFb,0x791c6542bC52eFE4F20Df0ee672b88579ae3Fd9A,0x5a921a128b64674d19f86525ea13b8b83c904dd2d0d867fd82ccd6432ccd740e,0x051276afa96f2a2bd2ac224339793d82f6076f76ffa8d1b9e6febd49a4ec11b2
20240404_wsm,bsc,0x3026C464d3Bd6Ef0CeD0D49e80f171b58176Ce32,0x014eE3c3dE6941cb0202Dd2b30C89309e874B114,0x7dff7a77e3e28a10abcf60cb36a6ee9980fe70785d4975a7134c9df37e1e24fe,0x5a475a73343519f899527fdb9850f68f8fc73168073c72a3cff8c0c7b8a1e520
20240401_ATM,bsc,0x499057D1AE21F2AFE0b46C154f9529201C44c6C1,0x521377c730F2780270A0468308b265662d6b4810,0x426f26e6042457ef95baee855145722c4a7aff7cb96bb2c6b7821f84540354ec,0xee10553c26742bec9a4761fd717642d19012bab1704cbced048425070ee21a8a
20240401_OpenLeverage,bsc,0x5bB5b6D41c3e5E41d9b9eD33d12F1537A1293D5f,0xd0C8af170397C04525A02234b65E9a39969F4e93,0x7478dbbeac7b9e21c5ae91ec87ce03f02e78edc1ed6ccd799e687fd02c0f7e31,0xf78a85eb32a193e3ed2e708803b57ea8ea22a7f25792851e3de2d7945e6d02d5
20240329_ETHFIN,bsc,0x52e38D496F8D712394D5ED55E4d4Cdd21f1957De,0x11BFd986299bb0D5666536E361f312198e882642,0xc0390f6cba436c631d2a03ee1919acf95971c8f35764af962bab4ec8008ac2e2,0xfe031685d84f3bae1785f5b2bd0ed480b87815c3f23ce6ced73b8573b7e367c6
20240329_PrismaFi,eth,0x7e39e3b3ff7adef2613d5cc49558eab74b9a4202,0xD996073019c74B2fB94eAD236e32032405bC027c,0x1319a80286b9c229a2d7566e21d7476b792956e4b59ee00d26449b6b77f2bcd0,0x00c503b595946bccaea3d58025b5f9b3726177bbdc9674e634244135282116c7
20240325_ZongZi,bsc,0xD96f54a13FCff3DCE432a1ba549003294cFB4AC4,0x0bd0D9BA4f52dB225B265c3Cffa7bc4a418D22A9,0xbab67523cea33195e7a4018ef9080c73c2dc214a5a96ec9cf9d2d6fdf96fc1c6,0x247f4b3dbde9d8ab95c9766588d80f8dae835129225775ebd05a6dd2c69cd79f
20240323_CGT,eth,0xdaAa6294C47b5743BDafe0613d1926eE27ae8cf5,0x1E791527AEA32cDDBD7CeB7F04612DB536816545,0x99cc992de6e42a0817713489aeeb21f2d5e5fdca1f833826be09a9f35e5654e3,0x4ff4028b03c3df468197358b99f5160e5709e7fce3884cc8ce818856d058e106
20240324_ARK,bsc,0xDd309ea4E99B772C1e6a798a6b159211Bb95b22c,0x94598EC1EB8F85D57fBa787Df6B49DBbaBb87F37,0xb828cb7ca649797fbb56926def9b90d3e43e2cc68fcc514557f9e71e3a8032dc,0xe8b0131fa14d0a96327f6b5690159ffa7650d66376db87366ba78d91f17cd677
20240313_IT,bsc,0xB495573Cd2246e7cc7D6d2B37d779463295e5ab0,0xA199A94379c9a518E3853516AC33fcA122A7Bb1d,0xae6c88855cd3a7302eb2c62ae4d9afaecb6a5b4a8610381c288c7601afe47a81,0xb33057f57ce451aa8cbb65508d298fe3c627509cc64a394736dace2671b6dcfa
20240311_Binemon,bsc,0x835B45D38cbDccf99E609436FF38E31Ac05bc502,0x132e1ea5db918dAe00EEF685B845c409A83DfA82,0x16bdb3411a4ff8a3ad881625b1500f3cc81af9b2e115950ca004e79018d2dd4f,0x1999bb5c11a8d8bfa7620fc5cc37f5bc59c1a99d7a9250a8d6076c93bbdbeb5f
20240309_Juice,eth,0x3fA19214705BC82cE4b898205157472A79D026BE,0xa8b45dEE8306b520465f1f8da7E11CD8cFD1bBc4,0x5e1c01cf5da7dfbe130d21f22dbb80ef2c1fa09b3d9b1a53795c56e6f122660b,0xaa14164b3c0759274b9b430ffa88c56389aa6fd28602f3d8e81fcdd8365eb3cf
20240306_ALP,bsc,0xff61Ba33Ed51322BB716EAb4137Adf985644b94d,0x0eDf13F6BD033F0F267d46C6e9DFf9c7190e0FA0,0xe8c1c00f90dd2e42642d3bde5650acdcad4d8902fdf0776545f88fcf323ec30d,0x9983ca8eaee9ee69629f74537eaf031272af75f1e5a7725911d8b06df17c67ca
20240223_Zoomer,eth,0xb0380B6D7a63E7CbF274C3b3C8838AbbD6BD4AbE,0xa4854022F4C16F0aBc3FdeC300427F6179A3043B,0xb65d7b8465ce96f9d8164bd94bd6984f63f4520fab8cbac881f3060a361cd373,0x06d7e7436414c658a33452d28400799f3637e83930dcec39b3bd065dabc6ef04
20240219_RuggedArt,eth,0x9733303117504c146A4E22261F2685ddb79780eF,0x9bB0cA1E54025232E18f3874F972a851A910E9cB,0x418ed367d6d2a512534209671d88f7f0040cabb24c067e8722cdde4a60ad5a73,0x5a63da39b5b83fccdd825fed0226f330f802e995b8e49e19fbdd246876c67e1f
20240215_Babyloogn,bsc,0x835B45D38cbDccf99E609436FF38E31Ac05bc502,0x3559ee265Fc9C5c9A333b07E0199480b4A84f369,0xcc42f8d7ae3a45efeef7f6459d7d0250122b9536d3e5d37b5ec50b6db0bcdda2,0xcc345601adb20581486996f6a1a2caf93735724ba01154ff26ab8ae23dd8b8eb
20240216_ParticleTrade,eth,0x2c903F97Ea69B393Ea03E7FAb8D64D722b3f5559,0xE55607B2967DDbE5FA9A6A921991545b8277Ef8F,0xc2ccef1145c570a5557d63b5b8e90e8964a8275454a0bec0a036abe692b07f75,0xd9b3e229acc755881890394cc76fde0d7b83b1abd4d046b0f69c1fd9fd495ff6
20240215_Miner,eth,0xea75AeC151f968b8De3789CA201a2a3a7FaeEFbA,0xBfF51C9C3D50d6168DFEF72133F5DBda453EbF29,0x0a095708965eac471a4fe3d2535b62ac7883ebe942a9bc4a12a6b5a8f75189a7,0x75e3aeb00df69882a1b15d424e5e642650326ca3b923d7fd1922d57c51bc2c78
20240213_MINER,bsc,0x031958a8137745350549fd95055398Dd536a07c7,0xc9716ec1B0503316233E3bcC50853F0Df6befD43,0x440f0efa0f5842a84bce5d0ef85ebe7c8ec5040e532ebc53831681e67c19e9ed,0x15ab671c9bf918fa4b6a9eed9ccb527f32aca40e926ede2aec2c84dfa9c30512
20240211_Game,eth,0x145766A51ae96E69810fE76f6f68Fd0e95675A0B,0x8d4dE2Bc1a566b266bD4B387f62C21e15474D12a,0x0b4a900733e8c33d562d0b9f2e6bd39317508095bab00fc83023c5951faae257,0x0c70a961f5cb589fe035f96f48dcae9f6bc7ac368b124a864578a1eb63e209a4
20240205_BurnsDefi,bsc,0xC9FBCf3EB24385491f73BbF691b13A6f8Be7C339,0xB5EEbf73448E22cE6a556f848360057f6Aadd4e7,0x97acaa3ab530a9d0264b0d3260ffce1ac98f4cd8b97b9195ccacc92157ea9968,0x1d0af3a963682748493f21bf9e955ce3a950bee5817401bf2486db7a0af104b4
20240202_ADC,eth,0x24A0c66f185874B251Eb70BEE2C2e35E39848419,0x2ffdCe5F0C09A8EE3a568BC01F35894b2d77A6D6,0xe83b7ff7c56329cedddf6e39c065495a552079f164183bf253694c02fd1e7b2e,0xcf834aff4de9992f5da9c443600dad9c6277a8a00de5007842fece51564992db
20240201_AffineDeFi,eth,0x09f6bE2a7D0d2789F01DDfaf04D4EaA94eFC0857,0x12D85e5869258A80d4bEbe70d176D0F58b2D68E4,0x51338c8df2b8ef21abb6d6cb9539bb269ab558b742ed4548f1c883ccfa279716,0x03543ef96c26d6c79ff6c24219c686ae6d0eb5453b322e54d3b6a5ce456385e5
20240128_BarleyFinance,eth,0x7B3a6EFF1C9925e509C2b01A389238c1FCC462B6,0x356E7481B957bE0165D6751a49b4b7194AEf18D5,0x02400a41ba4a8e6173c5cba8077af8c56ce55f689c8d2b634515ab2458c52826,0x954604de22bc0fe57a132b77b7e9831a138100a5c38dbfd76beab35b754771fa
20240115_Shell_MEV_0xa898,bsc,0x835B45D38cbDccf99E609436FF38E31Ac05bc502,0xd66A43D0A3e853B98d14268e240Cf973e3FA986e,0x42a454777e78dbfee4c4f3f6a4ec1f711d40d1aeb5382df5a8a9fe969cbb64b8,0x24f114c0ef65d39e0988d164e052ce8052fe4a4fd303399a8c1bb855e8da01e9
20240112_WiseLending,eth,0xB90CF1d740B206B6d80854BC525E609Dc42B45Dc,0x91c49Cc7FBfE8f70AceEb075952cD64817f9d82c,0x33e3c94e8e0359b7a98b74a02454a52fad2a8fb7faee02f888807bc60f688628,0x04e16a79ff928db2fa88619cdd045cdfc7979a61d836c9c9e585b3d6f6d8bc31
20240110_Freedom,bsc,0x835B45D38cbDccf99E609436FF38E31Ac05bc502,0x4512ABB79f1F80830F4641cAefC5Ab33654A2d49,0x436373593d60bdd6fa0bcd8ea31b61e1e769c4b4dd651b3177e2ffb48734ef90,0x309523343cc1bb9d28b960ebf83175fac941b4a590830caccff44263d9a80ff0
20240102_MIC,bsc,0x1703062d657c1ca439023F0993D870F4707a37FF,0xaFEBc0A9e26fea567cC9E6Dd7504800c67f4E3fE,0xac6641bb22eb73a2f24c55621049444cdb01562f4fdcc8490ddfe5379e791a60,0x3baeceadef32929efbd923a48feb07b71f1251284f9f2e4cf21f61dada5fbe0b
20231231_Channels_BUSD&USDC,bsc,0xD227dC77561b58C5a2d2644Ac0173152A1a5Dc3D,0xA47b9f87173edA364c821234158dDA47B03AC217,0x227a731f4fa2bb7dd7bd26cb954451db2700be73632e1d75638a40f865cb1b30,0xcf729a9392b0960cd315d7d49f53640f000ca6b8a0bd91866af5821fdf36afc5
20231230_ChannelsFinance,bsc,0x20395D8e8a11CFD2541b942aFdb810b7dcc64681,0x07e536F23a197F6FB76F42aD01ac2Bcdc3BF738E,0xb467a7ca253b7b35efcf07a84325715bec4f4c5833827e994883661790031e62,0x711cc4ceb9701d317fe9aa47187425e16dae7d5a0113f1430e891018262f8fb5
20231228_CCV,bsc,0x835B45D38cbDccf99E609436FF38E31Ac05bc502,0xb2f22296661CCC5530eBDbAbB8264b82E977504D,0x962f69edcdad31239bbb6c92a1eb6f7eacdeef03b6fa8436fd963c61970dc339,0x6ba4152db9da45f5751f2c083bf77d4b3385373d5660c51fe2e4382718afd9b4
20231222_PineProtocol,eth,0x05324c970713450bA0Bc12EfD840034FCB0A4BAa,0x1d5586Da44328F28bfbBF59b808A87584355B3Ef,0x230485cf7d9df3a8fb56efc887890c5fb7cdc7abc74e38c9ccc75567883efc88,0x88db033171344c7b89d50f48e1e50ef3a622371cf3ab997613469904838c83ad
20231220_TransitFinance,bsc,0xf7552ba0eE5BEd0f306658F4A1201f421d703898,0x7d7583724245EEEBB745eBcB1cee0091FF43082b,0x263be36f9506e9e273060f945d3ef17d11db3a1ac9662c561734039777ebea30,0x93ae5f0a121d5e1aadae052c36bc5ecf2d406d35222f4c6a5d63fef1d6de1081
20231217_Bob,bsc,0xcb733F075ae67A83A9C5f38A0864596E338A0106,0x0fe1983B8972630C866FE77aD873a66Ec598B685,0xc6695c523221771434b86e69b9c4950b132b7231ccc02fb77de6a9a9653852f4,0xfb14292a531411f852993e5a3ba4e7eb63ed548220267b9b3f4aacc5572d3a58
20231217_FloorProtocol,eth,0x4d0D746E0F66bf825418E6b3deF1a46Ec3c0B847,0x7E5433F02F4bf07C4f2a2D341C450E07d7531428,0x4d8d7e6f2bdc49e724b8d2a0241cf31d0911a230fa17230c7f025cead1842e93,0xa329b27fbe0f7b7f92060a9e5370fdf03d60e5c4835f09d7234e5bbecf417ccf
20231216_GoodDollar,eth,0x6738fA889fF31F82d9Fe8862ec025dbE318f3Fde,0xF06Ab383528F51dA67E2b2407327731770156ED6,0xaf9a9ef59414a93080147aefae9083f6a0b79074ed38988f76789b8c0636622c,0x726459a46839c915ee2fb3d8de7f986e3c7391c605b7a622112161a84c7384d0
20231216_NFTTrader,eth,0xb1EdF2a0BA8Bc789cBc3DFbe519737cAdA034D2D,0x871f28E58f2a0906e4a56a82aEc7f005b411F5c5,0x42eddcf2122cced63f1a62666a11a1b4d7a5b495696e9eec84763e560d1926cf,0xb371e5bc837ec93aea11ab18cfccdfc9420c323a0fe234ed56fda218ef650676
20231216_KEST,bsc,0x90c4C1aa895a086215765EC9639431309633B198,0xC25979956D6f6AcFc3702C68DFf7a4d871Eee4aa,0x866629840dcfa42577b93f6e58b7cd78770168fb7d98b6aa783b36b64d004901,0x2fcee04e64e54f3dd9c15db9ae44e4cbdd57ab4c6f01941a3acf470dc60bfc16
20240117_BmiZapper,eth,0x63136677355840F26c0695dD6DE5C9E4f514f8e8,0xae5919160A646f5D80d89F7aaE35A2CA74738440,0xe6e99fb5e048462e95d47fa0a8a6d29476989b8364a5a112b1ea0f469851d713,0x97201900198d0054a2f7a914f5625591feb6a18e7fc6bb4f0c964b967a6c15f6
20231213_HYPR,eth,0x3Ea6BA6d3415E4DFD380516c799aAfa94e420519,0xbA6fA6e8500cD8eEDa8EbB9DFbCC554fF4A3EB77,0x3e6171fd239d192b390faf89e04e3d993388658bb5b546bf31e072beb52fcf0d,0x51ce3d9cfc85c1f6a532b908bb2debb16c7569eb8b76effe614016aac6635f65
20231228_DominoTT,bsc,0x835B45D38cbDccf99E609436FF38E31Ac05bc502,0xaed80b8a821607981e5E58B7A753A3336C0bFd6f,0xc6ee75aff319b6f1f7295aef8cfba2972202eb33df23c1b6b28944386d94cc98,0x1ee617cd739b1afcc673a180e60b9a32ad3ba856226a68e8748d58fcccc877a8
20231207_HNet,bsc,0x835B45D38cbDccf99E609436FF38E31Ac05bc502,0x18d76da50c3524E5e2b8dF8b6C50B63022bc5FEb,0xddbb0ce57f6cfa74fde9a8bdd98344f744f0a37d308468aa1608d0af4176b67d,0x67af906c1efc05067a01f197bd780ebf4e0a76729d54288a400e715f87ea50c7
20231206_ElephantStatus,bsc,0xbbcc139933D1580e7c40442E09263e90E6F1D66D,0x69BD13F775505989883768ebd23D528c708D6Bcf,0x8b490dd9f68f23bdcc8992fe5d4721c83c2e0414d113222bb087337d91943eff,0xd423ae0e95e9d6c8a89dcfed243573867e4aad29ee99a9055728cbbe0a523439
20231205_BEARNDAO,bsc,0xCE27b195Fa6dE27081a86b98b64f77F5FB328dd5,0xe1997bC971D5986AA57Ee8ffB57eb1DeBa4fDAaa,0x1199498a93952114de04ff2654afc473a375a156307932e723ae352db7f265b0,0x51913be3f31d5ddbfc77da789e5f9653ed6b219a52772309802226445a1edd5f
20231202_bZxProtocol,eth,0x5A7C7Eb8D13A53D42A15d2B1D1b694CcC5141Ea5,0x03b7Bb750A974e0BD34795013F66B669f4110e54,0xf182c20eddb4730c019ddc49cb96fb15aec7a5b1992839efd8046b5b8aba8e1c,0x0fc5c0d41e5506fdb9434fab4815a4ff671afc834e47a533b3bed7182ece73b0
20231201_UnverifiedContr_0x431abb,bsc,0xA9eDec4496bD013Dac805fb221eDEfc53cbFaF05,0x791626EB05E60FAc973646ac8D67B008b939fE88,0x0c95f7c45fa029101a847941fbe20b879cee15e6efdc6deda170de6dfd52427d,0xb650e9f4b9eb023ea65b55ca4d088323e3d5bda377880dedb149a7fd3fd5c15f
20231130_EEE,bsc,0xb06D402705AD5156b42E4279903CbD7771CF59c9,0x9a16b5375E79E409A8bFdb17cfe568e533c2D7c5,0x5c4dd4c4764fb0804c8e1b778899f4412bd9db21da5bda9c710b6b52c5756bc7,0x7312d9f9c13fc69f00f58e92a112a3e7f036ced7e65f7e0fa67382488d5557dc
20231129_Burntbubba,eth,0x9d44f1a37044500064111010632a8A59003701c8,0x4Bc691601B50B3e107B89d5EA172B40a9dbC6251,0xba956dd92ab7a72899fe1e7c753892ef457b8b458ad9bfec1c438ea43ffd5df6,0x2b6d0af0dc513a15e325703405739057f9de6ef3f99934b957653b8a3fade4c6
20231129_AIS,bsc,0x84f37F6cC75cCde5fE9bA99093824A11CfDc329D,0xf6F60B0E83d9837C1F247C575C8583b1d085D351,0xa81cd94d1fc3bdade1a7612fa50a0364a5df9e457028757d5a81e066a362729a,0x0be817b6a522a111e06293435c233dab6576d7437d0e148b45efcf7ab8a10de0
20231125_MetaLend,eth,0x0c06340f5024C114Fe196Fcb38e42D20ab00F6eb,0x80a6419Cb8E7d1Ef1AF074368F7eAce1AE2358Ca,0x348775c4a5628c4cedad6aea8f203c49d6a578224f7c74ca589fd282c5a52816,0x4c684fb2618c29743531dec9253ede1b757bda0b323dc2f305e3b50ab1773da7
20231125_TheNFTV2,eth,0x2F746bC70f72aAF3340B8BbFd254fd91a3996218,0x85301f7b943fd132c8dBc33f8FD9d77109A84f28,0xe05b287871f06463d16547c91e174fa2c29497803983100cd0e0fed90f62c6b8,0xf8e7dd571567e2bcba5f2ffc992826215905be13b5178ef302ac6dabed9754bb
20231122_KyberSwap,eth,0x50275E0B7261559cE1644014d4b78D4AA63BE836,0xaF2Acf3D4ab78e4c702256D214a3189A874CDC13,0x002ccdb4a53a760cb03984db3e8e91325c4f732458d0f21603f64ebb536e4e6e,0x485e08dc2b6a4b3aeadcb89c3d18a37666dc7d9424961a2091d6b3696792f0f3
20231116_WECO,bsc,0xF5F21746fF9351F16A42Fa272d7707cC35760e4B,0x76C8A674e814f5BD806fe6Dd9975446a76056C1a,0xaff6b3b012b3a06c559633a030afd7f01a4b84787ad7262cb4f600d591366744,0x2040a481c933b50ee31aba257c2041c48bb7a0b4bf4b4fad1ac165f19c4269e8
20231117_Token8633_9419,bsc,0xe9FAc789C947f364f53C3BC28bB6E9e099526468,0x87c75F8a69732bAd999CE1faB464526856215c77,0xc5d226ec91c55b358e5de4bfa4bbb2ee0c6788762eba10b540e142f8fe46b013,0xf6ec3c22b718c3da17746416992bac7b65a4ef42ccf5b43cf0716c82bffc2844
20231117_ShibaToken,bsc,0xb9bdc2537C6F4B587A5C81A67e7e3a4e6dDDa189,0xDA148143379AE54e06d2429a5C80b19D4a9D6734,0x8839e7600799906061fa3986bce3e90896264fa72075cce43962d08c6057a1fd,0x75a26224da9faf37c2b3a4a634a096af7fec561f631a02c93e11e4a19d159477
20231115_LinkDAO,bsc,0xdF6B0200B4e1Bc4a310F33DF95a9087cC2C79038,0x721a66C7767103E7DcacF8440E8DD074EDfF40A8,0x6402eecdd3bf15cd2b954b422dd9fe737fb06bc60549c24cd38a30229f6b3bd6,0x4ed59e3013215c272536775a966f4365112997a6eec534d38325be014f2e15ee
20231115_EHX,bsc,0xddaaEDcf226729def824CC5c14382c5980844D1F,0x9D0d28f7b9a9e6D55abb9e41a87df133F316C68C,0xa68a8d3c58a5dd6f8e3340dfbcfe9d922f5d622d30ec849c21eba4abe2ac57fb,0x8b528372b743b4b8c4eb0904c96529482653187c19e13afaa22f3ba4e08fbfbb
20231113_OKC,bsc,0xbbcc139933D1580e7c40442E09263e90E6F1D66D,0xD5d8c2fd8A743A89BC497B2F180C52d719a007B9,0x97c7c5db0c0c410efa137b4e3bbd7b2ad747c6cba0e4f9f76ff85deeb77019f3,0xd85c603f71bb84437bc69b21d785f982f7630355573566fa365dbee4cd236f08
20231112_MEV_0x8c2d,bsc,0x69e068Eb917115ed103278B812Ec7541f021CEa0,0x3918e0D26B41134c006e8D2d7e3206a53B006108,0xd63ad591fda133130ddc4bfbd4ecc6b5ae20e9b3bedf54f57f811f0f1dd2cb68,0x3dcb26a1f49eb4d02ca29960b4833bfb2e83d7b5d9591aed1204168944c8c9b3
20231112_MEV_0xa247,eth,0x4E087743E8025012C4704a1953C87eeFF1e6EF48,0x3763B7f83358171B1660ee209F327954cC463129,0xd2f3a9481395984736848c849140c6b86e34342be887aee3de2ae1639330109c,0x53eeab4447db331dbb47f93fd58a95d6faa230d559acde0687f8b5f5829e7a45
20231110_Raft_fi2,eth,0xc1f2b71A502B551a65Eee9C96318aFdD5fd439fA,0x043f64A4add524457F22B85FE8ee58bAF0edeC02,0xfc763044246dc3c58fec1b57b2b729be09a651f6df96fefb8a69093e27d6efd0,0x9be662cc31c3f46730fb34c68f3f2acbe529ab0e51989f44f8d9407fe039523c
20231111_Mahalend,eth,0x0Ec330DF28Ae6106a774d0Add3e540Ea8D226E3b,0xf5836e292F716a7979F9BC5C2d3Ed59913e07962,0x8b904cf252953e606443bc02bde3b6d163e6f8f6a98da7ac970f2e51576d46f1,0x2881e839d4d562fad5356183e4f6a9d427ba6f475614ce8ef64dbfe557a4a2cc
20231110_Raft_fi,eth,0xc1f2b71A502B551a65Eee9C96318aFdD5fd439fA,0x0A3340129816a86b62b7eafD61427f743c315ef8,0xb5bf9e2e13aadb921b06202d4c9dab146fb015b77ff7e292c8d80a378802c56f,0x123977da00f673bb6d7caa1074e6c44f1f24eb7eef69b7f3148d8d97d6a9ab1c
20231107_MEVbot,eth,0x46d9B3dFbc163465ca9E306487CbA60bC438F5a2,0xeaDF72Fd4733665854C76926F4473389FF1B78B1,0x9afa682fc313aa2d77b139ca7b9c80561f3c7728a1d2005232f7da91a997f9cc,0xbc08860cd0a08289c41033bdc84b2bb2b0c54a51ceae59620ed9904384287a38
20231107_RBalancer,eth,0x9aBe851bCC4FD1986C3D1Ef8978Fad86A26A0c57,0x9C52c485EdD3D22847A1614B8988Fbf520b33047,0xf24b09aa8bcdf2c40db17ee9ca9254d7cff384a19ee440f4edecf3eef615c4a9,0xbf5b2d22fa88965ddfc6e6d685fc7cfc683340c49e126386759ed9e4027b1415
20231106_TrustPad,bsc,0x1a7b15354e2F6564fcf6960c79542DE251cE0dC9,0xcC53B45Db6BCa447455fB853d052A847996aA698,0xb0b0e32ef6ee4a1c1c188cc557b0ab3453dfa635f19188227fc02d4ad9bdac61,0x2490368b43951caa8bf6f730bf0aaa0bcc2657d6f64fdcc3b0372b6500d0dcfc
20231102_BRAND,bsc,0x835B45D38cbDccf99E609436FF38E31Ac05bc502,0xf994f331409327425098FeEcFc15db7faBf782B7,0x3964c98bf8964c1dbbb915da64a3389515e336e0e0243245b6e6f9a89b567de8,0x19ef4febcd272643642925d5d7e9ab8fd3ed8785c5e3268f5b6fee44ae6b4a34
20231102_3913Token,bsc,0xb29F18B89E56cC0151C7C17DE0625A21018D8ae7,0x783FBEa45b32eAAA596b44412041DD1208025E83,0x3cf2404455a86f806378c942f80cabde2262de7e4bc16759af2f2dc12b2cb1c7,0x8163738d6610ca32f048ee9d30f4aa1ffdb3ca1eddf95c0eba086c3e936199ed
20231101_SwampFinance,bsc,0xfe2105E1317dFd6Ed3887BF7882977C03CFEbB7C,0x22aD9eeF79615A1592E969bDf7B238a07281AB80,0x8c3c0ca43dda51701d9c44a4a5866a3fe984989ec8030c0d72b398fd1b90094f,0x13e75878a21af9a9b2207f5d9e18f19a43083a9ffbac36df5a7d4d67a52c164f
20231101_OnyxProtocol,eth,0x085bDfF2C522e8637D4154039Db8746bb8642BfF,0x526e8E98356194b64EaE4C2d443cC8AAD367336f,0xff732b8f33304caeb54ebe2f88b568fb44f966ba7a76a388abe1f62fdbc7e621,0xf7c21600452939a81b599017ee24ee0dfd92aaaccd0a55d02819a7658a6ef635
20231031_UniBotRouter,eth,0x413e4Fb75c300B92fEc12D7c44e4c0b4FAAB4d04,0x2b326A17B5Ef826Fa4e17D3836364ae1F0231a6f,0x86f0f4d5fc8871fffc6c697b459476a30d601f1d860050b1fe8a12cd3a47fedf,0x9c0503217d453905bf30f16317c1ed93292d7494dfe3765aa972d7bdea108a00
20231024_MaestroRouter2,eth,0xCE6397e53c13ff2903FfE8735e478d31E648a2c6,0xe6C6E86e04De96C4E3a29Ad480c94e7A471969Ab,0xaf321e7b2c630b2a80c94de23958b1f49d4193b5878738d058c5a02576668374,0xc087fbd68b9349b71838982e789e204454bfd00eebf9c8e101574376eb990d92
20231022_OpenLeverage,bsc,0x8Ebd046992aFe07eACCE6B9b3878fdb45830f42B,0x5366c6BA729D9cF8d472500aFc1A2976aC2fE9fF,0xf9b78a98238d352beb047a4eabe4c06c38b4103306f5037b6916764123e33960,0xd88f26f2f9145fa413db0cfd5d3eb121e3a50a3fdcee16c9bd4731e68332ce4b
20231019_kTAF,eth,0x9B99d7ce9E39c68aB93348fd31FD4C99f79E4B19,0xA6D35c97Bd00B99a962393408aAa9EB275a45c5e,0x194e2f121e441275ad03a8e4946acba7dc32ef05a82c3d7b331cab6523256fc6,0x325999373f1aae98db2d89662ff1afbe0c842736f7564d16a7b52bf5c777d3a4
20231018_MicDao,bsc,0xCD03ed98868A6cd78096F116A4b56a5f2C67757d,0x502b4A51ca7900F391d474268C907B110a277d6F,0x8fdbe5cfb6c4a520001ec6e2ab84e6b66f7e616fae9eedaa258782ccbcbe763f,0x24a2fbb27d433d91372525954f0d7d1af7509547b9ada29cc6c078e732c6d075
20231018_HopeLend,eth,0x1F23eb80f0c16758E4A55D48097c343bD20Be56f,0x16AE74E51CC134FcB374Be1F59fD7ABc41816B96,0x3859cf261ef39853693c76369d144c1cdf969152abc03232f8cf51511d9815d4,0xa414de03bbf7baccea6b5c95af9ebfbed43b1c3151debd29673df979a0f4b0b0
20231013_WiseLending,eth,0xE938D598Fda06bf7EdA5d25a15835ece97FD841E,0x035B62B1bd268B29E65d8adc51400ce22D71aC38,0x854eed09ffd982af80b620627a8e103948f1d19d8a8371937b5f04c50ef8ffa1,0x10620efb40ec9c495fafe79c56891906debd62fa4d7a5baacdefe351c663a2f2
20231011_BH,bsc,0xFDbfcEEa1de360364084a6F37C9cdb7AaeA63464,0x216CcfD4fB3f2267677598f96Ef1Ff151576480C,0xadc046a4ea6a31267a99658587f082f01513d9f81274e8e5441ad3a9d705c40f,0xc11e4020c0830bcf84bfa197696d7bfad9ff503166337cb92ea3fade04007662
20231008_ZS,bsc,0x7Ccf451D3c48C8bb747f42F29A0CdE4209FF863e,0xa905FF8853eDc498a2aCDDFDFaC4a56C2C599930,0xe2e87090f47c82eed3697297763edfad8e9689d2da7a4325541087d77432f54f,0xbc88aa6057f9da6f88e28bc908baad111ae7545e69fb0c90fbdfd485c9e72192
20231008_pSeudoEth,eth,0xea75AeC151f968b8De3789CA201a2a3a7FaeEFbA,0xf88D1D6D9DB9A39Dbbfc4B101CECc495bB0636F8,0xc908183e232419f6ae0f2406d7cf78a1e6ee52d6e467f4b3e78b49a90e0d454a,0x36a989721703704a0dfff9b247c30eeaa15c4c3f934e5027d07890baa830ca1f
20231005_DePayRouter2,bsc,0x7Ccf451D3c48C8bb747f42F29A0CdE4209FF863e,0xd3e06305b23a9441f435b2E93c6B30c363f34D93,0xada224923f658cbdd508d37c62b92479ae23fda86dead86844c42919c7d5830c,0xeca17ebfb9d5490feb46bd3cce143077ff79378583102076816788b8febf0af0
20230929_DEXRouter,bsc,0x09039E2082A0A815908E68Bd52B86F96573768e8,0x0F41f9146dE354e5Ac6Bb3996e2E319Dc8a3Bb7f,0x59aec14f53bb3e07f5b6861aa76eeecced9f9390d361b8666097fa8b66af7c45,0xf77c5904da98d3d4a6e651d0846d35545ef5ca0b969132ae81a9c63e1efc2113
20230928_Classic,bsc,0x181eD57A3Da2D68971bef20409A1f1237f2727Cc,0x107bb662eEa231d97DB75333c86De0A34Cf512c5,0xe3b1d2bd9eb4d0e99ffcc171b2338b645d53049c7b126a20a33383aa6b7210a3,0x172c82cad02e82641816fbbc503a83257088faee5f4494922ae9df6a6ae1dca9
20230927_XSDWETHpool,bsc,0x506eEBd8d6061202A8e8FC600bb3d5D41f475eE1,0x202E059a16D29a2F6aE0307AE3D574746b2B6305,0xed0e5a6d6e9cbe61c523b842474d78b92369a856f0c7b5c4a230555c7ae4df8e,0x12219a35ea2753fb5443387a6728c4f055254c0c18039b6c6e5e7f9c52d8ff83
20230926_KubSplit,bsc,0x7Ccf451D3c48C8bb747f42F29A0CdE4209FF863e,0xA814aC3afdddA37017db2698793725AC20d56da6,0xb4d4d6bb6cf2d920a737bce675c6d2bfe79601fbac0117084f79783d17992c24,0x75277af87728cae1285cf92d7caaa81da40c692d6ec04c8e064c0f00a175cdb4
20230924_KubSplit,bsc,0x7Ccf451D3c48C8bb747f42F29A0CdE4209FF863e,0xa7Fe9c5D4b87b0d03E9bB99F4B4E76785de26b5D,0x3114077e795f10a955564ae931e9e47da3a5bffa962359421a4247d8cfd77862,0x2b0877b5495065e90d956e44ffde6aaee5e0fcf99dd3c86f5ff53e33774ea52d
20230921_CEXISWAP,eth,0x060C169C4517D52c4BE9a1Dd53e41a3328d16F04,0x8C425Ee62D18b65Cc975767C27c42dE548D133A1,0x15810e9be29d65693b0a69f66d156ecce32ea4ea03f05aca67e98b6fbc77f995,0xede72a74d8398875b42d92c550539d72c830d3c3271a7641ee1843dc105de59e
20230914_RICE_Boil,bsc,0x7Ccf451D3c48C8bb747f42F29A0CdE4209FF863e,0x72B26645d321a251856c2285c254Ed1744918F29,0xf6583b14ff6854b3b69d06cde1bdc256c458a78bf845033e44f590751eb36ec3,0x9a9838ba413cf7a5532fd8b2f33b81bf6a8a3c08af830cc2f6200a935ebf823f
20231110_GrokToken,eth,0x864E656c57A5A119F332C47326A35422294DB5C9,0x03e7B13bcD9B8383f403696C1494845560607eCa,0xc727091f212aa24561e1ab7693b752b584013c3e914b177a2675d108d487738f,0x0ab609f6c8fbb13e6f8fe1e2a8eae7fdb98c56e840c795ed62ab4f162a0a17e0
20231115_XAI,bsc,0xea75AeC151f968b8De3789CA201a2a3a7FaeEFbA,0x7B11Ae85f73B7eE6AA84cc91430581Bd952D9ffA,0xd05fdb80dfcac2c4dfca531bd1b202b951fd45d1d397be50bb90466c32b564ac,0xc529b914c9e57796ac4c9813574a9c2209579e72a517ab85baa7fa9e78c3ccc8
20230907_HCT2,bsc,0xCD03ed98868A6cd78096F116A4b56a5f2C67757d,0xcDFe4af7BA0112867606dd649f49F070A932e705,0x24a5055b6bfbe49fcce46c18d449d529d41be0639d4dc9f8f68f39c3351dcb57,0x58772b024cf31e0ffbfca439ca01c07eb13cd0d3404f44f7c3d59074b9c07eb9
20230905_HeavensGate2,eth,0x6CE9fa08F139F5e48bc607845E57efE9AA34C9F6,0x38702e5c98bA4AD4b786D5a075A5c74694cD616d,0xac9cd53202912c12fc5923633656aeeb9d25e92e745b3e72c51c97589e8815c1,0x8e1b0ab098c4cc5f632e00b0842b5f825bbd15ded796d4a59880bb724f6c5372
20230905_QuantumWN,eth,0x6CE9fa08F139F5e48bc607845E57efE9AA34C9F6,0x154863eb71De4a34F88Ea57450840eAB1c71abA6,0x55a4858c663267dd5e2ed6a5987873e6d5e22cb86955735bbbd9e0a09fe97508,0x6189ad07894507d15c5dff83f547294e72f18561dc5662a8113f7eb932a5b079
20230905_HeavensGate,eth,0x6CE9fa08F139F5e48bc607845E57efE9AA34C9F6,0x8faA53A742Fc732B04dB4090A21e955Fe5c230be,0x7514a063098e323d2f0eb6c99b7e57e7b1389ce0ab4b05f38823a89ebac810b4,0xe28ca1f43036f4768776805fb50906f8172f75eba3bf1d9866bcd64361fda834
20230905_FloorDAO,eth,0x4453AeD57C23a50d887a42ad0CD14ff1b819C750,0x6cE5a85CFF4c70591DA82De5eb91c3Fa38B40595,0xbc863c288a5eaa6bd0bcc411b546828a2b89deb786063b45aaf32ba280a21501,0x1274b32d4dfacd2703ad032e8bd669a83f012dde9d27ed92e4e7da0387adafe4
20230902_DAppSocial,eth,0x7d9bC45a9ABDA926A7Ce63f78759dBFA9Ed72e26,0xE897C0f9443785F8D4F0FA6e92a81066b3fbFEe2,0x1f6b9ccdf21dd0247d6acc4ae4eb370558ecb8b782fa51a76c5112f62b7dcda0,0xbd72bccec6dd824f8cac5d9a3a2364794c9272d7f7348d074b580e3c6e44312e
20230901_MTFT,bsc,0x7Ccf451D3c48C8bb747f42F29A0CdE4209FF863e,0xC78483d50CFa3AeF8cF4799665eD1cd433FEdb50,0xac059015c81f58ceb9728f7948bc9fedec34fbcd409a76419adc99458736125f,0xc7804d84126f48ea69a3326e1c1383aba0e6802b7d78d8f2b1d0d6d433ba7725
20230829_EAC,bsc,0x27E981348c2D1F5B2227C182a9D0ed46eEd84946,0x20Dcf125f0563417d257B98A116c3fea4F0B2DB2,0x2f3ca793d4fe6d68c2c5fc781833ab263b8ba83faa582a6e5f43703c9f85d4d2,0x477f9ee698ac8ae800ffa012ab52fd8de39b58996245c5e39a4233c1ae5f1baa
20230827_Balancer,eth,0xEd187F37E5Ad87d5b3B2624C01dE56C5862b7a9B,0xaA5E7Da3129A60A26c3E88F2b12F362a154a0867,0xc919d6eeeb696c98328777f3dda19041e0c2a3afe8067ab30446d755133f0e4c,0x945cd2720316a7b9b43d0099818dc9c38f882aafe3211bbf63474b4d22e58398
20230826_SVT,bsc,0x4b44B52EF15f7Aab9A0A6cFDfa8D2c5Eeeb6d8C3,0x1c651B04bDd1C1718EEeafedE0A3c13e87024fa2,0xce0e119a317a9e67f37f67e281c546b2cf7df3d4f37e4a660faf245461d49134,0xf2a0c957fef493af44f55b201fbc6d82db2e4a045c5c856bfe3d8cb80fa30c12
20230824_GSS,bsc,0x84f37F6cC75cCde5fE9bA99093824A11CfDc329D,0x69ED5B59D977695650eC4B29E61c0Faa8cc0ed5C,0x898855b79daaa903c63b2d63030507cd3221ebb3372015513e7d102f1bf96847,0x4f8cb9efb3cc9930bd38af5f5d34d15ce683111599a80df7ae50b003e746e336
20230822_GC,bsc,0x7Ccf451D3c48C8bb747f42F29A0CdE4209FF863e,0x56c783f46043eBB97Ec77CDa32778f4aaAd89ba1,0x1b2344053dd31e2361ae105b498d328fbee6081394b8d515d664b3e2dc71ff7e,0x03f5a7614c1c93d518ec2fd8982768e7f99d536f66495ae28bcb9d74a330b443
20230821_EHIVE,eth,0x0195448a9c4ADEaF27002C6051C949f3C3234bb5,0x98C2e1E85F8bF737D9c1450dd26D4A4bf880B892,0x29d8f3869d2636af4c934f83430eb1a4745237894ec55af29286eccd9d155623,0xad818ec910def08c70ac519ab0fffa084b4178014a91cd8aa2f882d972a511c1
20230819_BTC20,eth,0x6CE9fa08F139F5e48bc607845E57efE9AA34C9F6,0xb7FbF984A50cd7c66e6dA3448D68D9f3B7F24f33,0xaedd9444fddcd5d95868d2fdd49c6289db7b68091fc9105dbb8b29f5ee121c77,0xcdd93e37ba2991ce02d8ca07bf6563bf5cd5ae801cbbce3dd0babb22e30b2dbe
20230818_DDA,eth,0x6CE9fa08F139F5e48bc607845E57efE9AA34C9F6,0xA8DF0A1df9820CD3f04656Ccf5a25340C94DF664,0x54adfa0a92838f8e8c63d56f8168442ce2a202822e72fcd1511c04400949da42,0xce39168187b29589de07e13944b4a60d375139bdf118406d8ea711e1b0f6c99b
20230814_ZunamiProtocol,eth,0x5f4C21c9Bb73c8B4a296cC256C0cDe324dB146DF,0xA21a2B59d80dC42D332F778Cbb9eA127100e5d75,0x085b1b935061003bfaccdee76eab0644f16a1dea2d332ab685c605854abf3ea0,0x2aec4fdb2a09ad4269a410f2c770737626fb62c54e0fa8ac25e8582d4b690cca
20230813_PEPE,eth,0x38F887a0FE01b9e4960D5C727519408fA7f32F70,0xA1038f644389C04318156D54E40679b98B686838,0xe0caf66d9db5cd74e4bb4c0cda60af7871ad12accb75c4a84a1811835db223c3,0x5706654a2412dee256a5688a929be8edd07f0e2a897ac574bea06fe846843eaa
20230809_EarningFram,eth,0xee4b3dd20902Fa3539706F25005fa51D3b7bDF1b,0xFe141C32E36Ba7601D128F0C39DEdBE0F6aBb983,0xb4988a59a58fbf829cc15330f9888659470f36bdec1c228765ce84771039dfed,0x6e6e556a5685980317cb2afdb628ed4a845b3cbd1c98bdaffd0561cb2c4790fa
20230802_Uwerx,eth,0x6057A831D43c395198A10cf2d7d6D6A063B1fCe4,0xDA2CCfC4557BA55eAda3cBEbd0AEFfCf97Fc14CA,0x6472be941d7662cdf6a56f0ac8db0fb7816278a12f14fafa529f0216c402c3d7,0x3b19e152943f31fe0830b67315ddc89be9a066dc89174256e17bc8c2d35b5af8
20230802_CurveBurner,eth,0xccc526e2433DB1eebB9cBF6Acd7f03A19408278C,0xC69a24111142D35e19Bc07FB2f31C83d7b40766D,0x1e1a86ae4440ded3fa49ff73e44ff1acf3e1d93f4f7d7f406d1e24f4c7c7dd59,0xc36c4e9b55a82e4f06d03825d04bd410cf41bc1b151c948be3c3a0157896bc1a
20230731_GYMNET,bsc,0x97Eace4702217c1fea71Cf6b79647A8aD5dDB0EB,0xB8F83f38E262f28f4E7D80aa5a0216378E92Baf2,0x5561ed8d9ee01a487a246fcba0e6323f66cb1eda49b0f8db12b853b3eab5dc58,0x7fe96c00880b329aa0fcb00f0ef3a0766c54e13965becf9cc5e0df6fbd0deca6
20230730_Curve,eth,0xb752DeF3a1fDEd45d6c4b9F4A8F18E645b41b324,0x83E056Ba00bEae4D8aA83dEb326a90A4E100d0c1,0x09f97e8053ba1b557dd9811d6572328a2cddc7d8576fc048af0a64c644d67edd,0x2e7dc8b2fb7e25fd00ed9565dcc0ad4546363171d5e00f196d48103983ae477c
20230726_Carson,bsc,0x25BcBBb92C2aE9d0C6F4db814e46Fd5C632E2BD3,0x9CFfc95e742d22c1446a3d22E656bB23835a38ac,0x0f3e99d0a557b3c5082204a57eb1a81982ae0bb745b2d28100a8ef32179f0337,0x37d921a6bb0ecdd8f1ec918d795f9c354727a3ff6b0dba98a512fceb9662a3ac
20230723_MintoFinance(BTCMT),bsc,0xc5001F60DB92aFcC23177A6c6B440A4226cb58Bf,0xBA91dB0B31D60c45e0b03E6d515E45fcabC7b1CD,0x4ec561ce249ae87359f1958e64572deb33d608c1aea531b5155fe1eb956fc1c5,0x53be95dc8ffbc80060215133f76f48df35deef3cd7e1803e24b1e2f8aa53440b
20230721_SUT,bsc,0x547fB3dB0F13eED5d3fF930A0b61aE35b173b4b5,0x9Be508CE41ae5795E1eBc247101C40Da7D5742DB,0x427ab1bf2f50a1eca0695ee892d30bd3b0c92d0ed74a2a77ec45a5731c981323,0xfa1ece5381b9e2b2b83cb10faefde7632ca411bb38dd6bafe1f1140b1360f6ae
20230722_ConicFinance02,eth,0xB6369F59fc24117B16742c9dfe064894d03B3B80,0x486cb3f61771Ed5483691dd65f4186DA9e37c68e,0x90eef27416e85fb1c6acaded14588f1cc244d0ba7b6858f010957ced32d87e6d,0x37acd17a80a5f95728459bfea85cb2e1f64b4c75cf4a4c8dcb61964e26860882
20230721_ConicFinance,eth,0x8D67db0b205E32A5Dd96145F022Fa18Aae7DC8Aa,0x743599BA5CfA3cE8c59691aF5ef279AaaFA2E4EB,0x16718a6df144de749035e4763946ad56d3dfaeb5d151a82f913698fa4ae28c3d,0x8b74995d1d61d3d7547575649136b8765acb22882960f0636941c44ec7bbe146
20230720_Utopia,bsc,0xe84ef3615b8df94c52e5B6eF21acbf0039b29113,0x6191203510c2a6442faECdb6C7bB837A76F02D23,0xeb4eb487f58d39c05778fed30cd001b986d3c52279e44f46b2de2773e7ee1d5e,0x73547ad6d549bdec8ecf855e7dfda76a90e6b10f9c439b1f14f331a0a0e00009
20230718_APEDAO,bsc,0x10703f7114dCE7bEAF8D23cDE4bf72130bB0F56a,0x45aA258AD08eeeb841c1C02eCA7658f9Dd4779C0,0xcda228e5ca5d98853c62b788833bc513474273a1eec8198de5e6e5048f30c1ca,0x8d35dfd9968ce61fb969ffe8dcc29eeeae864e466d2cb0b7d26ce63644691994
20230718_BNO,bsc,0xA6566574eDC60D7B2AdbacEdB71D5142cf2677fB,0xD138b9a58D3e5f4be1CD5eC90B66310e241C13CD,0x731b87a416bbf645a453f0617d6e4ff2388c04d8bcf2864722b20ae7dd2b34bf,0x33fed54de490797b99b2fc7a159e43af57e9e6bdefc2c2d052dc814cfe0096b9
20230717_NewFi,bsc,0x3A10408fD7A2b2A43bD14A17c0d4568430B93132,0x18703A4fD7b3688607AbF25424B6Ab304DEf2512,0x699171e7f4730d417812fc70b1e3a66ee89fa8c0f7c9fcc0822de011f80bb376,0x557628123d137ea49564e4dccff5f5d1e508607e96dd20fe99a670519b679cb5
20230715_USDTStakingContract28,eth,0x000000915F1B10B0EF5c4EFE696Ab65f13F36E74,0xb754EBdBa9B009113b4cF445a7cb0FC9227648aD,0x91d4838802230700f8b90d66be3fe7b4ab32a584246dc28c2e38844ff27564c4,0xfc872bf5ca8f04b18b82041ec563e4abf2e31e1fc27d1ea5dee39bc8a79d2d06
20230724_Palmswap,bsc,0xF84efA8a9F7E68855CF17EAaC9c2f97A9d131366,0x55252A6D50BFAd0E5F1009541284c783686F7f25,0x5b6177429be0d3f11776d105901fe4cfb891ce090fd10537c19d0b8aca88a171,0xc66c8d8defe8b262e365f6cbcf7a7b27a38a9d77eeafb811f95d740870923879
20230712_WGPT,bsc,0xdC459596aeD13B9a52FB31E20176a7D430Be8b94,0x5336a15F27B74f62Cc182388C005dF419FFB58b8,0xfcf00c61684f0883a8311dd6f1c1a5c7160ef0ad47686a25c21ed709d94bb171,0x258e53526e5a48feb1e4beadbf7ee53e07e816681ea297332533371032446bfd
20230708_CIVNFT,eth,0xBF9DF575670C739D9bf1424D4913e7244Ed3ff66,0x1Ae3929E1975043E5443868be91CAc12d8cc25Ec,0x5aa0742d19ec00705bdfe40e2e717ae6d5448151a552496083d72136549b7583,0x93a033917fcdbd5fe8ae24e9fe22f002949cba2f621a1c43a54f6519479caceb
20230708_Civfund,eth,0xc0ccff0B981b419e6E47560C3659C5f0b00E4985,0xF466F9f431aEa853040EF837626b1c59CC963ce2,0x208f27f35fe302366252741c8cebe0d8861859ae9d7b17f8b2c62156bf5c8e4f,0xc42fc0e22a0f60cc299be80eb0c0ddce83c21c14a3dddd8430628011c3e20d6b
20230707_LUSD2,bsc,0x0000004883ab5434202DC9D8d5BfBcd87247deE3,0x724CEFeF59D673359bcA2b5A9DbA47e8Feb30b4D,0x014ecf0256c2bccaa979519091b0cb8c5f740b88567c12975ef55c30db9ff624,0x1eeef7b9a12b13f82ba04a7951c163eb566aa048050d6e9318b725d7bcec6bfa
20230707_LUSD,bsc,0x0000004883ab5434202DC9D8d5BfBcd87247deE3,0x21aD028C185ac004474c21Ec5666189885f9e518,0x93ad7c89f2b23f6a18c77e61342515fbc98b562a640bc544e7d589ed47f3d5f2,0x1eeef7b9a12b13f82ba04a7951c163eb566aa048050d6e9318b725d7bcec6bfa
20240208_Pandora,eth,0x096f0f03E4BE68D7E6dD39B22a3846B8Ce9849a3,0xCC5159B5538268f45AfdA7b5756FA8769CE3e21f,0x42d0f992f0160461ae49609f7b85437dbff6cdf9e3b1e47d5628210f5f7cae02,0x7c5a909b45014e35ddb89697f6be38d08eff30e7c3d3d553033a6efc3b444fdd
20230704_BambooIA,bsc,0x00703FACe6621bD207d3B4AC9867058190C0bB09,0xCdf0eB202cfD1f502F3fdca9006A4b5729AadEBC,0x2f7defca7f7a014f740399cceee6382e01c2929a95bf35f4a434765a85e52272,0x88a6c2c3ce86d4e0b1356861b749175884293f4302dbfdbfb16a5e373ab58a10
20230630_MyAi,bsc,0xc47FCC9263b026033A94574EC432514c639a2d12,0x0D3aaFb9aDe835456b2595509AC1F58922E465b3,0xcc64af53cf2be6533945239fa6262817dd9140c53ca7b3dc929ba09d0fabf15f,0x346f65ac333eb6d69886f5614aaf569a561a53a8d93db4384bd7c0bec15ae9f6
20230630_Biswap,bsc,0xA1E31B29f94296FC85FAC8739511360f279B1976,0x1d448e9661C5abfC732EA81330C6439b0aa449B5,0x971c0943bc8c98fd9b03a0da4cacd7b6339aa5353015c258dc058471827a607c,0x706ea75c763b67e718ee671debaef41c127f5635d4092b476d7be1162994daf7
20230627_STRAC,bsc,0xab90a897Cf6C56C69a4579eaD3C900260dFba02d,0xc7823188D459E1744C0e5Fd58A0e074e92982Ea3,0x4aa055ed8d1e6905f3dc4ee4bc75809d61a592e61e24da3460fdc9e836459674,0x1147b3c0f3ebdd524c4e58430bb736eba9f7fa522158f5ad81eb3e2394b466d0
20230627_UnverifiedContr_9ad32,bsc,0xab90a897Cf6C56C69a4579eaD3C900260dFba02d,0x25D3E7e85108d03b0e778c4b5853b02206871D72,0x0692ba15273e1111beea3f1d2167ebcd1a4727053688c87730f2edeaa9f748b7,0xe1bf84b7a57498c0573361b20b16077cc933e4c47aa0821bcea5b158a60ef505
20230623_SHIDO,bsc,0x69810917928B80636178b1BB011c746efe61770D,0xcDb3D057CA0cFDf630BAF3f90e9045dDEb9EA4cc,0xfd297f38b40e3b356a0684bfe4df379290c83fda9a150825f409394d704724de,0x72f8dd2bcfe2c9fbf0d933678170417802ac8a0d8995ff9a56bfbabe3aa712d6
20230622_CFM,eth,0x9748c8540a5F752Ba747f1203aC13daE789033De,0x34AA81da0Ef08f29f19E8D90b7e9D46DF1F9a984,0x0d9623ac41f1ea4fbfb6f49a886c84082e043c512aa51bff7716ddcc9c6facfe,0x1d31ef01bf32636b1771f145c114f0d8592865b67f739a4594c19401b6f6588c
20230620_MIM,eth,0x9d4fD681AacBc49D79c6405C9aA70d1afd5aCCF3,0x26Fe84754a1967d67b7bEFAa01b10d7B35BBaF0A,0x977a48755a782c0916a399d1f32dd2900bf3938e1333bcb917427b314730551d,0x2c9f87e285026601a2c8903cf5f10e5b3655fbd0264490c41514ce073c42a9c3
20230619_Contract_0x7657,eth,0x015d0B51D0A65AD11cf4425DE2EC86a7b320db3f,0xFe2011Dad32ad6dFd128E55490c0Fd999F3d2221,0x7b72d534d7792a74d6b9ddb64a6524246ccb30a158524521e001c3d35b561faf,0x74279a131dccd6479378b3454ea189a6ce350cce51de47d81a0ef23db1b134d5
20230617_MidasCapitalXYZ,bsc,0x4b92cC3452Ef1E37528470495B86d3F976470734,0xC40119C7269A5FA813d878BF83d14E3462fC8Fde,0xcf2f5d8c8db386723d899f38df658be8823e64f62d082c70f62b35dd96282db2,0x4a304ff08851106691f626045b0f55d403e3a0958363bdf82b96e8ce7209c3a6
20230617_Pawnfi,eth,0x8f7370D5d461559f24b83ba675b4C7e2Fdb514cC,0xB618D91Fe014BfCB9C8d440468b6C78e9adA9DA1,0x8aff78099114b0791f028b2869a79d2f54be8b9c80d067fd1a391211083d0430,0x8d3036371ccf27579d3cb3d4b4b71e99334cae8d7e8088247517ec640c7a59a5
20230615_DEPUSDT_LEVUSDC,eth,0x7021C1B142eb634Fa0749CDA270c7AFF74Dc3B7f,0xca813e8ba2fd072BDe40Dd2264bc3774ff685D9c,0x47bc8617dd53c157d6eaf7c5f1fc0f36138a1e5547c276950fb2e51dbfd7b1fb,0xf0a13b445674094c455de9e947a25bade75cac9f5176695fca418898ea25742f
20230615_CFC,bsc,0x106016Cdc3878C7Ff2B386303000Db0001d838eB,0x8213E87Bb381919B292ACE364d97D3a1Ee38CAA4,0xbcb630560087b2b821a89a8aa3b7f0720cd4c70194ce9c89618229402a129245,0xa3c130ed8348919f73cbefce0f22d46fa381c8def93654e391ddc95553240c1e
20230621_BabyDogeCoin02,bsc,0xEE6764Ac7aa45eD52482e4320906FD75615bA1d1,0x9A6b926281B0C7bC4f775E81F42b13eDA9C1C98E,0x3ea34a2504b731eed913347e6c06c14dc69f10589cca86e2a63b5e4a24588129,0x65e38151a1a37129c76ed5a84c3adbc8a0bc5e443cf4454c836931420d73c56a
20230612_Sturdy_Finance,eth,0x1E8419E724d51E87f78E222D935fbbdeb631a08B,0x0B09c86260C12294e3b967f0D523B4b2bcdFbeab,0x64af76be60980e7c2fd8f356c83c95ad652ab32e267299760f3e37e8e95f893e,0xeb87ebc0a18aca7d2a9ffcabf61aa69c9e8d3c6efade9e2303f8857717fb9eb7
20230611_SellToken04,bsc,0xEADe071FF23bceF312deC938eCE29f7da62CF45b,0x8991A6FA4ee05d67520834C4Ec677740E3e8f588,0x98b2dddcb3d803dc11f56523e5b1421591d011779f011b378414e82ff89afe42,0xe968e648b2353cea06fc3da39714fb964b9354a1ee05750a3c5cc118da23444b
20230611_J,eth,0x9748c8540a5F752Ba747f1203aC13daE789033De,0x2A77de7134D3C35B93f811499B6c49A92993BF50,0x5668a6e5c6a2c14371ddcd73f2f9baa5e0b2e13c9dec80c19a33a7f260146df3,0x0cb26a933848ad63b65b8be43bc5eb406928950540d205c774385ae4e0630400
20230607_CompounderFinance,eth,0x0E816b0D0A66252c72Af822d3E0773A2676f3278,0x2D7973177d594237a9B347cd41082Af4CbB40f2b,0xbd51c6d9943789227c709aecaf79676919594f86fa2993f46c0db956ce5c8351,0xcff84cc137c92e427f720ca1f2b36fbad793f34ec5117eed127060686e6797b1
20230606_VINU,eth,0x9748c8540a5F752Ba747f1203aC13daE789033De,0xf73B8EA8838CbA9148fB182e267a000f7CFbA8dd,0xea46339efaeb87fe2fe33067eb61b706796f933bfdb5243fd6817be4ab7b967a,0xaf46a42fe1ed7193b25c523723dc047c7500e50a00ecb7bbb822d665adb3e1f3
20230601_DDCoin,bsc,0x0A3feE894eb8fCB6f84460d5828d71Be50612762,0x105e9b0266AE0Ae670b7FE9aF08cF32049f0dD21,0x7ab6e9bfaad8d0ddeb554216e99d9a47c4a513cdc7bf54c344accbf9be6d4e93,0xd92bf51b9bf464420e1261cfcd8b291ee05d5fbffbfbb316ec95131779f80809
20230601_Cellframenet,bsc,0x2525c811EcF22Fc5fcdE03c67112D34E97DA6079,0x1e2A251b29e84e1d6D762C78a9db5113f5Ce7C48,0x6f8c22fbf37244c9445cbac308b3b2705b57f54be8f89bd76d1975a6b664ecac,0xe2d496ccc3c5fd65a55048391662b8d40ddb5952dc26c715c702ba3929158cb9
20230531_ERC20TokenBank,eth,0x0E816b0D0A66252c72Af822d3E0773A2676f3278,0x2203A9021bbaF258F43bcB2273E4aA289D5BC2ce,0xc646571aff5a93e884404efcaec405d977bf314e735504ac517bbbdd0305c1ce,0xcd8fe2efb197bc80b8d42eec21a4b1dbaf3b83ba51f62b36cd3d6b5de0f301e1
20230529_NOON_NO,eth,0x9748c8540a5F752Ba747f1203aC13daE789033De,0xE9458215bEF3aa61a039EB59FfC283bf82B81C84,0x37cc59c61a1fc5bc5af7be530bb4969f08895c3c58a03a8f7f8581bfb3aeb339,0x23fb7f093e827ed061aafb574cfd420eab879621c7f78cb341292e106a3a88c0
20230529_FAPEN,bsc,0xA85783c652BAf29A88C480522437EE4b9d3c1BB8,0x20a4b9a0D49ff14D16E29484F143975F293aD146,0x82d7dcc49209f789fb41c2f5652682b4391f288dcf09399bed7eca4ce1014dc5,0xa2be65e439eb182e8f2acfe7eff9a4bab55eb3cd789dcc0ddd19bf811af78a93
20230529_BabyDogeCoin,bsc,0xCbC0D0c1049EB011d7C7Cfc4Ff556d281F0AFEbB,0x51873a0b615A51115F2cFBC2e24D9DB4BfA2e6E2,0x54cd323899cea970a8ae02f6cb5b7b174c7256ad656f45b7518a42f933fc3c8d,0x098e7394a1733320e0887f0de22b18f5c71ee18d48a0f6d30c76890fb5c85375
20230525_Cnn,bsc,0xA85783c652BAf29A88C480522437EE4b9d3c1BB8,0xbd1c57965774540abB291b8bFDeA5Cb1071fca77,0x59755bc200d503257d791d4f8b59ba979b576b91f7af9ad354489efed46e4f89,0xd3bfd56c1f501d449199a4739f213631419dc6630e28355ce58196791eed63fc
20230525_GPT,bsc,0x054A3574D8082112575843dd944ff42c58Dda38d,0x2A9AB219D4F82fBD9f522974Bd82Fe92c376F376,0x28c73e6ba362da36809016096ee2054093a1b9133de4a691365990fd30ec578b,0x8af9f82b2307bf95f6aa22fd19161b40f0cf1562feeac78871567c533d7078de
20230524_CS,bsc,0x2cDEee9698fFc9fCAbc116b820C24E89184027BA,0x90Fa57D23b85cdD52C46b85636f44c47926ee2e3,0xbef5596c775dfcecc02cfe4dc6210aeaa2c11524951f383354a35e3e153aefcd,0x906394b2ee093720955a7d55bff1666f6cf6239e46bea8af99d6352b9687baa4
20230514_SellToken03,bsc,0xa3aa817587556C023e78B2285D381C68CEe17069,0x9A366027E6bE5AE8441c9f54455e1d6C41F12E3C,0xd1c5990b3a9930178dbb36c264bd294fc6c9f8f0027a366947ca0d853b571617,0xfe80df5d689137810df01e83b4bb51409f13c865e37b23059ecc6b3d32347136
20230513_SellToken02,bsc,0x1581262Fd72776bA5DA2337C4C4E1B92C6e36ae6,0x19Ed7Cd5F1d2bD02713131344d6890454D7C599F,0xa8ef19cef09c428dda475fdbf739e81163d5b2a4ade41df32264b857d3c6dd0b,0x4512e62d797b1d9a47c165f8d907a6f0d6ca6e9d038f5839f66c7a5f8a161025
20230512_LW,bsc,0x4404De29913e0fd055190e680771A016777973e5,0xA4Fbc2c95aC4240277313BF3f810c54309dFcd6C,0xf3a3aed56aeaa427f37fc05c9f0bf23fe69bda5efda2f3573ed221bc23a9b3bf,0xb846f3aeb9b3027fe138b23bbf41901c155bd6d4b24f08d6b83bd37a975e4e4a
20230511_SellToken01,bsc,0xc67af66b8a72d33deDd8179E1360631cF5169160,0xf635FeA87f0A8a444edE1dBB698D875dBb417829,0x3ad68d4f85b63ac8e4e456ee32a39b1907a9be1ab34d43068e545b95f7af6693,0x247e61bd0f41f9ec56a99558e9bbb8210d6375c2ed6efa4663ee6a960349b46d
20230509_MCC,eth,0x8a4571c3a618e00d04287Ca6385b6b020ce7a305,0x52d74eb7C01C763219DCE713dA97EBAE8B91728E,0xb72071874c3b301be5a17f9afc26c480f3df013f721f03d69519e37ebd178677,0xf72f1d10fc6923f87279ce6c0aef46e372c6652a696f280b0465a301a92f2e26
20230509_HODL,eth,0x4E998316ec31D2f3078f8F57B952BFAe54728bE1,0x6943e74D1109A728F25A2E634ba3d74e9E476Aed,0xc5b70ec162a6189ebe675d744a4fae130b8f7076d1fb6498b5db19d5e4e7547d,0xedc214a62ff6fd764200ddaa8ceae54f842279eadab80900be5f29d0b75212df
20230506_FLOKASINO,bsc,0xfB8EF8dE849079559801BFF8848178640CDd41B7,0xbEA269fbea6CD928993fa5C6D177D4F3501D53cC,0xe5ac062d9a248304b45bb08b4230e418945d2b0f54e5d3ade545c2ee430bffb7,0x43ea5e08b93cb65ddc71600114d2559a31c6b73c58a7a77760c73791c3b6b4f6
20230503_NeverFall,bsc,0x53b757Db8b9F3375d71EAFe53E411a16aCDE75Ee,0x35353Ec557b9e23137AE27E9d4CC829D4DACe16b,0xea54447bd6c3c8db6e792db3c0eb8b9f350540daf3dd4ce9e00652c0171dd0d1,0xccf513fa8a8ed762487a0dcfa54aa65c74285de1bc517bd68dbafa2813e4b7cb
20230510_SNK,bsc,0x6B67f9e79180e08cB42132754BC9f88558b1e535,0xC04c4914d14225345f1678a705a69aA5636B3a33,0xfc84bdc1b2bebbc533a974d4f499d626499d9ffbf938a9d81b389d5af26c046c,0x0ef7ea46fcf1f5e7aac63b87f17596c835ac0459652332316b3a07e10d976e65
20230502_Level,bsc,0x61bBd8c1Bc09C4f4549F3f77bE5Ad61A9929412e,0xf08a01D2CaCE301aE69f07aF5fdFb2336da2F629,0x77327829261e1e811058be13b17943ab3c1e024e558a6eecdbb71c2a63d84542,0x6aef8bb501a53e290837d4398b34d5d4d881267512cfe78eb9ba7e59f41dad04
20230424_Axioma,bsc,0xAAA75B2AE8314EF738062Da56E0F09D2d53c43D2,0xD088b5E169301d280129deb981d598A2Fd277b5c,0xf5bf78f0b079f9022a236bf702551a7d5a5ddbb384d64a94ca0c5febcf66d4c5,0x05eabbb665a5b99490510d0b3f93565f394914294ab4d609895e525b43ff16f2
20230419_OLIFE,bsc,0xfB8EF8dE849079559801BFF8848178640CDd41B7,0xA9DE288d61a7ED99CDD1109B051EF402d85a6b91,0x5689ee7243caf7951aeeeeec5de34e2c87439289ada818259037dee0deda3591,0xa21692ffb561767a74a4cbd1b78ad48151d710efab723b1efa5f1e0147caab0a
20230416_Swapos_V2,eth,0x53Fc4a4a638378B9B81393fBE0FA9a6DE2323eBD,0x2df07C054138Bf29348F35a12a22550230BD1405,0x28e2203b9b813bd002230eb82e0353806541187b0409c5f673515eb3ee59f048,0xbe643ccdcae57181b9fef554d63029e0605b2e860172d442c37eaabffdb44575
20230413_yearnFinance,eth,0x5baC20BEef31d0ECCb369A33514831eD8e9cdfE0,0x8102Ae88C617deb2A5471CAc90418Da4Ccd0579e,0x73f312a0c8951e77d17f300c1d10e48cd2363b73cdb727d217c33fd99f97670c,0xd55e43c1602b28d4fd4667ee445d570c8f298f5401cf04e62ec329759ecda95d
20230413_yearnFinance2,eth,0x5baC20BEef31d0ECCb369A33514831eD8e9cdfE0,0x9Fcc1409B56Cf235D9CdbbB86b6AD5089fA0EB0F,0x25eb536f6ed6774921a89afb8cb5dc2684287c7ea997635ef7a944f07808be4a,0x9ee9afe32027d441fd2d84c2a4a511ba7a00409a3831ecdfece33d7a5e129741
20230412_MetaPoint,bsc,0x0D1969A30bB4BA02e731862edBCed5F5abBa8373,0xc6E451C8Fa3418b703121AC23e44803D143c5d5c,0xebcbf6384ac342791cda8619672f1d2a7f9383ff37eb453eae5d8450bc149ee6,0xf725234e110d08b8deea57688cbac88e345ab7e718f0667b9501c99a3063a365
20230402_Allbridge,bsc,0xC578d755Cd56255d3fF6E92E1B6371bA945e3984,0x7d83FE202c51982A72e0A1146Ec37b4643c725d7,0x4c0e3f765df2cb5f35659167926447a6f341b9c02c882acefae754fc03d75689,0x7ff1364c3b3b296b411965339ed956da5d17058f3164425ce800d64f1aef8210
20230328_SafeMoon_Hack,bsc,0x97226254fF489f3257E68222F184Ac2b6E20A4ff,0x53F29b8F4A4AF0731B8D3B2c273d9602A0cf41ac,0x4f74968fd0020a5d5451076ac9648a07be0183728c541daae073f20b84315f1c,0xbcf5e30c164837b5d7c42fd7e33e47a0072dc014e7f0a67aa7710af49d0ce53b
20230401_YeziIdo,bsc,0xC578d755Cd56255d3fF6E92E1B6371bA945e3984,0x8c67B0492c1e41669c363A4f38a23E0721c43e2C,0x883478e5bd7a748b25d9916222604be394d7c615db47010812fe68585a41b73e,0x6fa3957f5db566d543876bcf0d5d0612003cafe71905bb374a4442a978cb0dee
20230325_DBW,bsc,0xe828D2CD28DEF4eb0D1B398A1972f64CeAbDB99b,0xE95b5D8bB0985Ee17a1cbF70Cd8dC968ed256Fc8,0x43db65746d4d426ee1d7c5d6c1b1cb27f84fff4c06025f42301f0e15b1a7304d,0x17f91a8acd159d529061b7c54b4753d6df482775dda4e4ef3694e4c131ec0ea7
20230322_BIGFI,bsc,0x76a88c2bAeBf251701435ABBe8af11ad52b0ab04,0x1a14CCC8F353d16582c0DfaB907481b218475959,0x19b0c4ef686820d98297f3479850b0472fca97f4243e5dc3352c2628da366c9e,0x9fe19093a62a7037d04617b3ac4fbf5cb2d75d8cb6057e7e1b3c75cbbd5a5adc
20230316_SPND_ANJI_UPGRADE,bsc,0xC578d755Cd56255d3fF6E92E1B6371bA945e3984,0x1609443a4e418923811b32C52e28844Fd1376D54,0x10f9d7f62477fc73c26b4c843699522b76a0a65553451d8abc52f1f636f54787,0xe3d1f202fe2d7b523ad35d0d948232f6939b925a54dfdb5083186926631f4aa4
20230315_Poolz,bsc,0x190Cd736F5825ff0Ae0141B5C9cb7Fcd042cef2a,0x058baE36467a9fc5e1045dBDfFc2fd65B91C2203,0x1317e9496aef1086555149cce8b0419ba8c93b55616563a299f482f87379afa7,0x4635d5c63cc02a960c8a4e552099e825b229d169c931bd3697a9f2e28aec45ff
20230313_EulerFinance,eth,0x5F259D0b76665c337c6104145894F4D1D2758B8c,0xeBC29199C817Dc47BA12E3F86102564D640CBf99,0x725db76cf4bf3bdc72be4f755ed72df4adbc8e4e803c044617cc11e34907ccdc,0xc310a0affe2169d1f6feec1c63dbc7f7c62a887fa48795d327d4d2da2d6b111d
20230311_XUSD,bsc,0xC578d755Cd56255d3fF6E92E1B6371bA945e3984,0xaE16b31C5C57260280f5CE11964809a8b6bc1337,0x6170fd2a4524313e58b02ec2cb94f7502667e53414adbf111abeb1c23eca88ab,0x86a980087fa2da7252053cb10be662e4271ec27f7b4f883ef0d1da40cbcfaa46
20230311_TIME,bsc,0xC578d755Cd56255d3fF6E92E1B6371bA945e3984,0xa396347C5B737bda532f043E69817D860a30B791,0x9e0350d300700fd36376ea403b09d0842750456bee4db19945165772e5c92605,0xb7f041ce870efa678cf90a5fb95c8867c86008629d80f69e197f1dab9b828b4a
20230308_DKP,bsc,0xF38B677fa6E9E51338D0c32FD21afe43406E06Df,0xf34Ad6Cea329F62F4516FFE00317AB09d934fBa3,0xa3e5831764e1eb2b4703e969f2cbdc4ac52c95201bbc3375d865968b3e9825c9,0x0c850f54c1b497c077109b3d2ef13c042bb70f7f697201bcf2a4d0cb95e74271
20230227_SwapX,bsc,0x7d192FA3a48C307100C3E663050291Fff786aA1F,0xc4beA60F5644B20eBb4576E34d84854f9588A7E2,0xb5d77b5a3298a2cde04458e0d465e6846b71d6e47a23d2ae0b340a5e6d497098,0x3ee23c1585474eaa4f976313cafbc09461abb781d263547c8397788c68a00160
20230218_RevertFinance,eth,0x38F887a0FE01b9e4960D5C727519408fA7f32F70,0xD346f652A56D149d585b5447851928f42f61Fb27,0xe3141167472a7c05d625f1b15c2c63f833bc5ac2022af2a3407d74f172db917f,0xdaccbc437cb07427394704fbcc8366589ffccf974ec6524f3483844b043f31d5
20230217_Dexible,eth,0x684083F312Ac50f538Cc4B634d85a2feafaAB77a,0x194fC30F9eeBa9AD673413629B47Fc00e71D90dF,0xeb3a560927b118149f68acb9b11eeb93fcc91d7f98a315117974eecdcd42e206,0xb3cfbd40752c149761d105890f40d860a4366a819add6f5414db9bc474cc6481
20230217_Starlink,bsc,0x187473Cf30E2186F8fb0fEDA1fd21bAd9aa177ca,0xD1B5473FFbADd80ff274F672B295bA8811b32538,0xd980698135d2b94757aee2a67d33ea3ebfe3fc00e56b5015f6d8c47ccb09aa50,0x146586f05a4513136deab3557ad15df8f77ffbcdbd0dd0724bc66dbeab98a962
20230222_DYNA,bsc,0x0C925A25fDaaC4460CAb0CC7abc90Ff71f410094,0xd360b416cE273AB2358419b1015aCf476a3b30d9,0x0cb3f64df060d97192002ae4500c83c2334bb95bb273c5ae8aa1c6446936ca1f,0x5b09a71ae5905f5a635c849e84eb46aa076f6230b59c30e2438d911f43845163
20230210_HakunaMatata,bsc,0xC578d755Cd56255d3fF6E92E1B6371bA945e3984,0x1d79fcB1961B39363e6f4998957D8E92aB85C568,0x2ac6ba0ef5dacf9038aac61a131d1b228adadb08a4ddc4978de3a425a075a1ca,0x0e793df787badac2a0340bbb8523a8abc7e685df23a928809c54d0d636eda6b4
20230210_Safesimba,bsc,0xC578d755Cd56255d3fF6E92E1B6371bA945e3984,0x91Faa9B8f6aAcCB9cC05b5d29A2F0602e1b01F67,0x76d7f08a7f235f89090dca08d33f634c4372400e956dd7be1c8efa134cf17aaf,0x8b3019babfad6ddf943ac004a6712b9fbf5f57be6046c36d3df75c89c4076b46
20230210_Sheep_Token,bsc,0x638B4779D1923CEDF726Ed4D717ee4169Df53d4e,0x2021932C4Dde18727A827c15F4Bc0d6e7DE636aa,0x7610a38742ce0ef8679d95072dfeb727ad8148988e557271d4491e9f4be9a989,0x61293c6dd5211a98f1a26c9f6821146e12fb5e20c850ad3ed2528195c8d4c98e
20230207_CowSwap,eth,0xc0E82C1ed4786F8B7F806D1B8A6335ec485266fF,0xEB8f71A5669A55Cf90e384C77e74c4bdf9aE7754,0x43068c198bce0c4b0b3a4ef0a56cff3615cb97f94258f705c4cd79daf9c2e33f,0xc678fc9a6422c91ad6874134aea5acdfdac030ddd41432e3db490f4ba031b790
20230207_FDP_Token,bsc,0xc726BD0E973722E17EB088B8FcfeDaa931Fa0293,0xE02970BD38b283C3079720C1E71001abE001bc83,0x3ea088d8691940b9dd69763f2155c5f5fca90b436b6bde98b973ea85c7739516,0x09925028ce5d6a54801d04ff8f39e79af6c24289e84b301ddcdb6adfa51e901b
20230203_Orion_Protocol,eth,0x837962b686Fd5A407fb4e5f92E8Be86A230484Bd,0x5061F7e6dfc1a867D945d0ec39Ea2A33f772380A,0x89a7af2a13ac2ba599aec737d6debf9e3251f224337f4cdd3cd2ab42979fb3f9,0xa6f63fcb6bec8818864d96a5b1bb19e8bd85ee37b2cc916412e720988440b2aa
20230203_Orion_Protocol2,bsc,0x837962b686Fd5A407fb4e5f92E8Be86A230484Bd,0x84452042cB7be650BE4eB641025ac3C8A0079b67,0xb22241731ebae74912faef080faae23f2f64200f71438bc5ca58651ea03b8a15,0xfb153c572e304093023b4f9694ef39135b6ed5b2515453173e81ec02df2e2104
20230130_BEVO,bsc,0x68fA774685154d3d22dEc195Bc77D53F0261f9fd,0xBf7fC9E12BCD08eC7ef48377F2D20939E3B4845D,0x990bc28c967e150c98dea9eab4d44f44a6d97151d19017def35ec21d3ba4619b,0x581c7674a6adfaa4351422781f6b674e2b7ac0fab0db9d46bfcb559ddd96cff8
20230126_TomInu_Token,eth,0x14d8Ada7A0BA91f59Dc0Cb97C8F44F1d177c2195,0xDb2d869ac23715af204093e933f5EB57F2DC12a9,0x71cc39944fe471cb076a5ee9484fa0fd41c7e4dcc243431e82f3cbbc46cf4796,0x6200bf5c43c214caa1177c3676293442059b4f39eb5dbae6cfd4e6ad16305668
20230126_WETH-BCI,eth,0xceEd34f03A3e607CC04C2d0441C7386b190D7CF4,0x69f0EdC352eCffC4EF49516c9b20eA88B3E947cb,0xc56e6f333509885d3278c2e7a452378da3c258f2a5d77b069a08f08a07c85592,0x759610d01fa69f46d186b3507b790686e5c7755be37278089d3e353d33d50645
20230119_SHOCO_Token,eth,0x14d8Ada7A0BA91f59Dc0Cb97C8F44F1d177c2195,0x15d684B4EcdC0ECE8Bc9AEc6bcE3398A9a4c7611,0xf656affcd5c11ca07fb141043d85dba9d9682c08eef020ac6b724ad240ed2be8,0x2f2c3c1c648f6ef0fc3600a91ad389daeb6c76602c4bf0100475696535b6f84f
20230119_ThoreumFinance,bsc,0x1Ae2Dc57399B2f4597366C5Bf4fE39859c006F99,0x7d1E1901226E0ba389BfB1281EDE859e6E48CC3d,0xfe6284a4a156a77d3b71de485cccebb06349666fb09f0a42e95c4a689dce64ab,0x5058c820fa0bb0daff2bd1b30151cf84c618dffe123546223b7089c8c2e18331
20230118_UPS_Token,eth,0xceEd34f03A3e607CC04C2d0441C7386b190D7CF4,0x762d2A9f065304D42289f3f13Cc8EA23226d3b8C,0xe4c05281eb28e3568662df63da65c3746d16af7e898d10223990fd3c294111c1,0x4b3df6e9c68ae482c71a02832f7f599ff58ff877ec05fed0abd95b31d2d7d912
20230118_QTN_Token,eth,0x88a2386E7ec97aD1E7a72176A66B6d0711aE3527,0xA33c965Ca6D3bdc42BDb23a79081757090eb7700,0xaf493d7189e7b47166b324f38bf927ae56bbe52e4cf147bfc070d30d45b8a3de,0x352320bf89db8a117b87b28213bf936e58db848cde788571fe9164a1aac7b68b
20230117_OmniEstate2,bsc,0x9BbD94506398a1459F0Cd3B2638512627390255e,0xdD87D807774c8aA9D70FC6aF5912C97FaDBF531B,0xba96a07bdcdb31eaf7570d4391b3282454982f5fb630b71ae29c82b7997ae25e,0x49bed801b9a9432728b1939951acaa8f2e874453d39c7d881a62c2c157aa7613
20230117_OmniEstate,bsc,0xdA5919bf3a49aD47b7c7103a9ed3902cEe78d528,0x7EFc1491Dba397D4998F6Ea72070F94F2AC6a50a,0xe6c10f64dda5e2b25ada05816b86e5b8aaa03134373a9e042dbdc57737b1de66,0xa578e08c23feec30a1d94c309dff7fee260a03317435966d4e65bad0b4d74bf5
20230115_AMGD,bsc,0x67a909f2953fb1138beA4B60894B51291D2d0795,0xB57601413404017E4E1430DdB05a4634e743Dc80,0x0cfe3f89d93690ed7753d9414d1bb267bbd17582f8d9ad2c453fcff9d84c6411,0xdb767aeb06044ea9e8ec33d43b0b7ed8747970c1e51f670ba70912a5bc813045
20230115_wNXM,eth,0x88a2386E7ec97aD1E7a72176A66B6d0711aE3527,0xa568d8A409FD1642ecb3BA4932eEDBb7C9C74D12,0x0d05e6415a21f2a0ddbf880165e2d55723825cdf09027cd8eceef3cd46bb2e3b,0x65f715652d5b5d58243bbf7fadda40deb160d9ee2b1b7aaf3304154a9c2b76d3
20230112_ROE,eth,0x67a909f2953fb1138beA4B60894B51291D2d0795,0x3a5b7DB0BE9F74324370FBD65b75850A5c82D176,0x470a86e00f9cf0344f503b05cbcc90e04bb922f667cfb99fd31ff99825f626ba,0x927b784148b60d5233e57287671cdf67d38e3e69e5b6d0ecacc7c1aeaa98985b
20230110_BRA2,bsc,0x67a909f2953fb1138beA4B60894B51291D2d0795,0x6066435edcE9C2772F3F1184b33FC5F7826d03e7,0x2b309bbea1c969ba9fd6160a1b80758a703061d177e3b557c5546d7576f5c135,0x4e5b2efa90c62f2b62925ebd7c10c953dc73c710ef06695eac3f36fe0f6b9348
20230110_BRA,bsc,0x67a909f2953fb1138beA4B60894B51291D2d0795,0x1FAe46B350C4A5F5C397Dbf25Ad042D3b9a5cb07,0x7eede79b5b40ce71d5609baa07a42376cba410f8135e33ec528092c8299047bc,0x6759db55a4edec4f6bedb5691fc42cf024be3a1a534ddcc7edd471ef205d4047
20230103_GDS,bsc,0xcF2362B46669E04B16D0780cf9B6e61c82De36a7,0x0B995C08ABddC0442BEE87d3a7C96b227f8e7268,0xf850ce027ab620333975efcc7b58c8db3ec751521fdce00dca5fd78cda673761,0x2bb704e0d158594f7373ec6e53dc9da6c6639f269207da8dab883fc3b5bf6694
20230101_MDAO,bsc,0xC578d755Cd56255d3fF6E92E1B6371bA945e3984,0x568FF7493c47668e8aA3Dc286f48b6fA976bDfFE,0x90c390bee0844906033cfaca9e1a6785d3dfd11da5a7066286462c1f56175251,0x1fcb5d8ec367f95ba8a3c760930c698d799b3b9286c437511c8fd3410bed4df5
20221230_DFS,bsc,0xb358BfD28b02c5e925b89aD8b0Eb35913D2d0805,0x87BFD80C2A05ee98Cfe188FD2a0e4d70187dB137,0x385e282ee8f7cc707e9b268b2de41dd5f644e3e7ed1a24e6252a150885fea146,0xcddcb447d64c2ce4b3ac5ebaa6d42e26d3ed0ff3831c08923c53ea998f598a7c
20221229_JAY,eth,0x0348D20b74Ddc0ac9bfC3626e06d30bb6Fac213b,0xed42Cb11b9D03c807ED1ba9c2eD1d3BA5Bf37340,0xce5e23f35193c8a2f02243a530c39dbdd60bcf6ea35b291590e3814e0c293cc9,0xd4fafa1261f6e4f9c8543228a67caf9d02811e4ad3058a2714323964a8db61f6
20221225_Rubic,eth,0x001B91c794dFEecf00124D3F9525DD32870B6ee9,0x253dD81d642220267ccAc1d8202c0B96a92b299e,0xb96476546ec879aef56ab80de9fc29b0f851c5371894511842f2394ef4946e89,0x9a97d85642f956ad7a6b852cf7bed6f9669e2c2815f3279855acf7f1328e7d46
20221223_MonkeyCoin,bsc,0xC578d755Cd56255d3fF6E92E1B6371bA945e3984,0xFeC94A4Fe3914f7a40A58ad544FA15315b97BfD4,0x031b363a6e4076baf3d4ed0ebcce411183b16b8bde7be7e31f8e1df3abdea2d1,0x8a6a69612e7ef81dba0ecedfcf3903f64a5f6800e5d74133519ecf971d3b2200
20221214_FPR,bsc,0xE3104e645BC3f6fD821930a6a39EE509a0E87D3b,0xe3293F89FD3B9336Ac2d514Ec4a90477ca94b0d8,0x033def1674a3b5593dcf34d0e9fd79359e4db52c6c9b4fc2706d76a79b48d5d1,0xec1b969e1435a1449dd5179404c54b5c60e49f15a1bf6bf8922e8d2978102f4a
20221214_Nmbplatform,bsc,0x86Aa1c46f2Ae35ba1B228dC69fB726813D95b597,0x3C4e5b099F3C02122079d124138377e1B9048629,0x7da7d7c9b4e5e200364ec4fcc8e429a0a924ec7ddaf8c4d4b732367f66d8d59a,0x42f56d3e86fb47e1edffa59222b33b73e7407d4b5bb05e23b83cb1771790f6c1
20221213_ElasticSwap2,eth,0xceEd34f03A3e607CC04C2d0441C7386b190D7CF4,0x04C4f1B7E1434cD4bF875fBcEA4769aCcC5f2BEC,0xaffda8e9739df3376e7f3127face75d385bc2f8973935d2c751c3855dc75a0e8,0x23bc33d17cb268a7588a9c0dde9127705b464b7c12a44b5ca41fa911bc26d583
20221213_ElasticSwap,eth,0x3bdF01ed32F07e8e843163b5d478d4502F5743CD,0x6CAE33c1f2944168CA2f95aCBF5A632c7163d5f7,0x44df2e8a034858f8ef41601cab0a545be00a52092f8186669ceb6142823a492d,0x53c1b30af32a39e4bf46979d8f2d722d5f1a69efb7973dec37cec88019b88899
20221212_BGLD,bsc,0xF4FD2EbE7196c8E99E88bcc4Aef69dda0e493B8F,0x56B2B04E5cEa5274FC5F79d648EA7Da739A50b41,0x08d53f1d8c39264d44228b05a69f0a5c2bb1d39e89c21db89e7e59ef21a30964,0xea108fe94bfc9a71bb3e4dee4a1b0fd47572e6ad6aba8b2155ac44861be628ae
20221210_TIFIToken,bsc,0x9fF00f0AE153BE2B62E6F0213cccDc00673d04bE,0xe1516444A609A9050d99Ff13Cf95C4ca3f868516,0x66bcc5d75adad81ab63d36da9033851c4261e4dde93a48d77fbf6bf9c6ce0f97,0xe4a306fa467145d979b61b7d4bebaf8fb98498836b03b2d5b40c7c6860137a00
20221207_AES,bsc,0x4054c1af800D15f8E73E04eb92F411FFE9C4d671,0x3D2d1C00b859ab56385e1a5Fc73E173297b25619,0x6a15ac6f2b5a36f5970776d68820356935eca4a0e4cea4aef2c6bcef544c4063,0x52deb26eda0f8b3b56a3588a9f63d9bda872f507bf782a3e9dfdb7bae969ab7d
20221205_RFB,bsc,0x5f7dB41E2196080F397CDCF8DD58e8ADFdaf2adE,0xD5DE2914bC6D2f005228A04289e8D518c710a049,0xa3ac57573acef6b3e0290dffa6733407068b23641a002f2991b42cf751ffc129,0xcc8fdb3c6af8bb9dfd87e913b743a13bbf138a143c27e0f387037887d28e3c7a
20221201_M1,bsc,0x9cc3270De4A3948449C1A73eABff5D0275f60785,0xe4A5E6a59BB390A1Abc39eb6C6dd61d8f3e9BD58,0xbad58204cb194905b6debccefe4d8b9cd5b77e311660efb0f03946800c7f954f,0x79cd01e651eae4b0d601168af0fecad0435960fc781fe707786fdfe395963423
20221201_APC2,bsc,0xCa4925f8BD1615515F599aF5E2C6DE28B880CeCa,0x0fd03CA89545C2Ca342c8B9785c2383b8b8EAbc5,0x15a43c32be28906d18a2cdacfcdd0bcd4f401bcb0048a38712ebfcda2790a095,0xf2d4559aeb945fb8e4304da5320ce6a2a96415aa70286715c9fcaf5dbd9d7ed2
20221201_APC,bsc,0xC578d755Cd56255d3fF6E92E1B6371bA945e3984,0x02A1D194914BFDa8d5D46333cf6Dda485923C4C4,0x68456d78a7867404d3a5c32777b020f03b47ca85b998f5a6d6ac7c642e50194d,0xbcaecea2044101c80f186ce5327bec796cd9e054f0c240ddce93e2aead337370
20221129_MBC_ZZSH,bsc,0x9cc3270De4A3948449C1A73eABff5D0275f60785,0x0b13D2B0d8571C3e8689158F6DB1eedf6E9602d3,0xd3cac2334db81bb06f59f8b9e19903d6003b84dee7b36e667d4d25010c389dac,0xdc53a6b5bf8e2962cf0e0eada6451f10956f4c0845a3ce134ddb050365f15c86
20221129_SEAMAN,bsc,0x4B1F47BE1f678076f447585bEba025E3a046A9fA,0x0E647d34c4caF61D9E377a059A01b5C85AB1d82a,0xa8d087c8b435562eb57630b8a9a048a9e61c402507160f65bbb2fdf5d33ccea4,0x6f1af27d08b10caa7e96ec3d580bf39e29fd5ece00abda7d8955715403bf34a8
20221126_VYNK,bsc,0xC578d755Cd56255d3fF6E92E1B6371bA945e3984,0x6d4023AD567416ddfdd28a9a02CBc370b14fA48c,0xf9059b9362da62e0731ee66a9304cb61e7171aaa880026e0f4e524130b2feeff,0xfc7b6bcab78aabcb32e2268a39d4036a0374e01b6663d2eb20441895d81a1a6e
20221123_NUM,eth,0x6A23e04ABb791d27228642E9a9e35F2cBaCD8BBE,0xa68ccE4D90302B728aD60A0fD7baC7737cD3545F,0xa4769f858b50a73e26e18f7ea3153fea9e9ccbe15e569c9f4575dcd9483c2760,0x4e00666d781e134eee2fec21e2517169209bda4cce19278865f0538b8acfe309
20221122_AUR,bsc,0x6903499751F973052155dF339116B6C6b24aC24b,0x3d743b2f760A431CC20047CB5c7758c9a8860D6b,0xe0744a2252c2c30029ffd93e0a4e8e8a8e38093198641d33b2c69eda7354a783,0xb3bc6ca257387eae1cea3b997eb489c1a9c208d09ec4d117198029277468e25d
20221119_CYFT,bsc,0xCa4925f8BD1615515F599aF5E2C6DE28B880CeCa,0x41889546225DAEc32363cF227b85f32AA2572C06,0x2599e82735352cd6020dbb4818fed6ce1e70f588b21a3a2381e21721e066dc0c,0x3042d18ba229782262532cd6654e585bb8e578bd21b932b7a4ef22cb288a9556
20221119_AnnexFinance,bsc,0x40fB8d322cC4887D6c2Bf886755300EA79f6A874,0xb08Efc0933a4552d4294C729fed5176c5E3E63Fd,0x3b8e62a3ac6bdaec8688abc6941009b7efc7ab6aed6571c4cf61b710836a2ee3,0x3757d177482171dcfad7066c5e88d6f0f0fe74b28f32e41dd77137cad859c777
20221205_BBOX,bsc,0x32b639C180B130ed6B785d622b5c56fF48bBdf83,0xa792A5F442B07b3Cb8dA5867C4E6940Aa85C5bB5,0x4f7fc31a16058af040b1c888e141ff12ce617c6895d7cf7a8693b44481e1b2dc,0xac57c78881a7c00dfbac0563e21b5ae3a8e3f9d1b07198a27313722a166cc0a3
20221116_SheepFarm,bsc,0x2131C67eD7b6AA01B7aA308c71991Ef5BaEdd049,0xf2DB8665d82E1a23895eD78b213D36D62EEc6BBc,0x18e5b61e4afae34fed93ec2aec7ea424489961ed983ac790d430fc7457301786,0xebea7286874fdea6ec80b069fe342927ad091dcb83eacec863e9e867131a23cb
20221110_DFXFinance,eth,0x14c19962E4A899F29B3dD9FF52eBFb5e4cb9A067,0x6cFa86a352339E766FF1cA119c8C40824f41F22D,0x4a3dd10795e8dd0955b87f9a5b740dae3d160cd27bd448f889aa3465412b0f54,0x390def749b71f516d8bf4329a4cb07bb3568a3627c25e607556621182a17f1f9
20221109_brahTOPG,eth,0x6FA00a7324DC293eA8ECf56fe3143104494C4213,0x60032a41726241499B0c626c836C9099cb895c05,0xacf7f9bdb9fb13ed36b2b265e796e39adc5b47510af259a73c949c38a617b5d9,0xeaef2831d4d6bca04e4e9035613be637ae3b0034977673c1c2f10903926f29c0
20221108_Kashi,eth,0xb7Ea0f0f8C6dF7a61Bf024DB21bbE85ac5688005,0x8c761066Bc6c20e9c65eCe9972A9EB6Ed511Fd4d,0x9d98877a933c08edb7bb8d8167d2b931631bb30a9c6a5cf28d1cb5deea541fe6,0x3d163bfbec5686d428a6d43e45e2626a220cc4fcfac7620c620b82c1f2537c78
20221107_MooCAKECTX,bsc,0x35700c4a7BD65048f01D6675F09d15771c0fAcd5,0x71Ac864f9388eBD8e55a3cdBC501D79C3810467C,0x081a6e736007fb35f5aa6a9b6ebc7c7d04457be1bc8e4c3f9c887c7a9435c39e,0x03d363462519029cf9a544d44046cad0c7e64c5fb1f2adf5dd5438a9a0d2ec8e
20221106_GOTCHI,bsc,0xC578d755Cd56255d3fF6E92E1B6371bA945e3984,0x49F40B75E589460f8D84141d77B0D1B7afc5e8cC,0x6d25e544437af881412da2f54a0db3d29ad360d2b03dfe58d007a5097b0c7c49,0x658555dea7ae5b3b3859532c18cbf5cebe1d0618c029d24d18b392701e705769
20221027_Team_Finance,eth,0x161cebB807Ac181d5303A4cCec2FC580CC5899Fd,0xCFF07C4e6aa9E2fEc04DAaF5f41d1b10f3adAdF4,0xa3cbbdd2494f6d5452de8edc5c8c32f316abc40140a63769a22e04cd2549963b,0xb2e3ea72d353da43a2ac9a8f1670fd16463ab370e563b9b5b26119b2601277ce
20221026_N00d_Token,eth,0x8Ca72F46056D85DB271Dd305F6944f32A9870FF0,0x9C5A2A6431523fBBC648fb83137A20A2C1789C56,0x1050f53105137a540b207a6f51df396754e23358b0cfc967d426bb0a1bbbb6e2,0x8037b3dc0bf9d5d396c10506824096afb8125ea96ada011d35faa89fa3893aea
20221025_ULME,bsc,0x056c20Ab7E25e4dd7E49568f964d98E415da63D3,0x8523C7661850D0Da4D86587ce9674DA23369fF26,0x7b5086fd046be8fa7f019120b2da87af5bbc28ba4cb1012b5aae0e9958e464a9,0xdb9a13bc970b97824e082782e838bdff0b76b30d268f1d66aac507f1d43ff4ed
20221027_VTF,bsc,0x57c112cf4f1E4e381158735B12aaf8384B60E1cE,0x450595E4A42cC08c14091B08DBab654A68B0a877,0xc2d2d7164a9d3cfce1e1dac7dc328b350c693feb0a492a6989ceca7104eef9b7,0x74c63833219e751a38908860b9092b4acda3fb10fecefed3c480f7f85a346742
20221021_OlympusDAO,eth,0x443cf223e209E5A2c08114A2501D8F0f9Ec7d9Be,0xa29E4fe451CCFa5e7DEF35188919ad7077A4DE8f,0x05f548db9215621c49d845482f1b804d82697711ef691dd77d2a796f3881bd02,0x3ed75df83d907412af874b7998d911fdf990704da87c2b1a8cf95ca5d21504cf
20221020_HEALTH_Token,bsc,0xDE78112FF006f166E4ccfe1dfE4181C9619D3b5D,0x80e5FC0d72e4814cb52C16A18c2F2B87eF1Ea2d4,0xe3712600b520a7af9342abfc0a51db485a9285c5c0de1ff302ead20ccd76321f,0xae8ca9dc8258ae32899fe641985739c3fa53ab1f603973ac74b424e165c66ccf
20221020_BEGO_Token,bsc,0xde01f6Ce91E4F4bdB94BB934d30647d72182320F,0x08a525104Ea2A92aBbcE8e4e61C667eED56f3B42,0x9a1b31b557c8997c89a6c0cb4889ca876f48f1d105627e83df53f144ec4a85de,0x9f4ef3cc55b016ea6b867807a09f80d1b2e36f6cd6fccfaf0182f46060332c57
20221018_HPAY,bsc,0xaB74FBd735Cd2ED826b64e0F850a890930A91094,0x10FC0476a67c84D8b8ddb143a0fE9eE207b71d2C,0xd9b1fe2b36b24293217783fd3386f3778b1c50bcb4118776c1f709aaf1831be8,0x35898208bd8a4bf1d7c8fd69aef47263fca827d77937a6feed4bcc4e62e97cc4
20221017_Uerii_Token,eth,0xcc1A341D0F2a06Eaba436935399793F05C2bbE92,0xFD4DcCD754EAaA8C9196998c5Bb06A56dF6a1D95,0xb71437e21a039eede08e5ad11bb9ba8b475dff4b5c2cbd46289e5ede9639adf4,0xf4a3d0e01bbca6c114954d4a49503fc94dfdbc864bded5530b51a207640d86b5
20221018_PLTD_Token,bsc,0x6ded5927f2408a8D115DA389B3FE538990e93C5B,0x83797825f6020A443B95Fa3932ab13Dd61d48b49,0x1a6e86554e602a63f87738f8b547b93cf33e171d9adc2f1d2a8b14f98ee27248,0x8385625e9d8011f4ad5d023d64dc7985f0315b6a4be37424c7212fe4c10dafe0
20221014_INUKO_Token,bsc,0xB12011C14e087766F30F4569CCaf735EC2182165,0xF1464de3A49CEC184f050C2c2c9baF7f40D89bcC,0x133b8a4394da8f3ebf72e292ef63184e777bd53234c86be7da726331db6a215f,0x05880999e0a11e1c919359da6c6c8f4ec941608c0242e973e57d791507dbc9b6
20221013_BEX,bsc,0xDE78112FF006f166E4ccfe1dfE4181C9619D3b5D,0x9018B3C1D97Af57980105FA9744F39790C0124BF,0xf28f6f28dc615622c1663553e04a9875b5ebdc6ddf455f6b0e433940bfd1a317,0xe1ca35d0c2c669d7b1b3a1a5e91025276204e9a6dc1784d4610e854e6e0a2ad3
20221011_ZFM,bsc,0xC578d755Cd56255d3fF6E92E1B6371bA945e3984,0xC3143dEB43D467b1664498E532DEF43FA2B69e30,0xb5c931eda00665cf5a95af9a016db7df565021b026f7448ba1f20c8e53738d7e,0x5e6b1e6bb5fd91c7d3327566c242c984803530d27cd590734959394f848b42dc
20221011_Templedao,eth,0x9c9Fb3100A2a521985F0c47DE3B4598dafD25B01,0x2Df9c154fe24D081cfE568645Fb4075d725431e0,0x34d996b92754dc3895a52bca07f6785d62d161f95b364f81d2c5d87e40cd44c8,0x8c3f442fc6d640a6ff3ea0b12be64f1d4609ea94edd2966f42c01cd9bdcf04b5
20221011_Rabby_Wallet_SwapRouter,eth,0xb687550842a24D7FBC6Aad238fd7E0687eD59d55,0x9682f31b3f572988f93C2B8382586ca26A866475,0xbab47d1b4f99d5e61daa922414301d820a5b9c483a6f782deb7831394f23e69f,0x914c1ae4f03657064f0b1d5ddc6e06f39e82bce6fb2f726efdca52c092fbfc26
20221012_ATK,bsc,0x3DF6cd58716d22855aFb3B828F82F10708AfbB4f,0xD7ba198ce82f4c46AD8F6148CCFDB41866750231,0xb181e88e6b37ee9986f2a57aefb94779402fdb928654aa7c1dda5138b90d0e14,0x55983d8701e40353fee90803688170a16424ee702f6b21bb198bb8e7282112cd
20221006_RES-Token,bsc,0x986b2e2a1cf303536138d8aC762447500Fd781c6,0xFf333DE02129AF88aAe101ab777d3f5D709FeC6f,0x9bfe4404fbd9ff192ce2c89e24d9736df32b3c31cdc5754c785854787e13c533,0xe59fa48212c4ee716c03e648e04f0ca390f4a4fc921a890fded0e01afa4ba96d
20221002_Transit_Swap,bsc,0x5f0b31AA37Bce387a8b21554a8360C6B8698FbEF,0x8CA8fD9C7641849A14CbF72FaF05c305B0c68a34,0xe1c0a92dd817bb5e33e7364b8dd650d0d23e260292a4df2dcca5765fc8b659c6,0xb25c24e787d750925bd80fd4bf2c0a24e3b18cc73f695b49470e41d913201567
20221001_BabySwap,bsc,0x0000000038b8889b6ab9790e20FC16fdC5714922,0xdE7E741bd9Dc7209b56f1ef3B663Efb288c928D4,0xc82b5cae6a13b4193d2b909d78996a69566de8f85f9cb693baf384c2f86c118b,0xcca7ea9d48e00e7e32e5d005b57ec3cac28bc3ad0181e4ca208832e62aa52efe
20221001_Thunder_Brawl,bsc,0xbC62b9BA570aD783d21E5eB006F3665D3f6bBA93,0xfeD1B640633Fd0A4d77315d229918ab1f6E612f9,0x67582a67673a1bd79258a4d9af1e41383b0ef1c21f85495e52fce5899021ffa2,0x57aa9c85e03eb25ac5d94f15f22b3ba3ab2ef60b603b97ae76f855072ea9e3a0
20221001_RL,bsc,0x08E08F4B701d33C253Ad846868424C1f3c9A4DB3,0x5EfD021Ab403B5b6bBD30fd2E3C26f83f03163d4,0x7f1f7ce49898eb45af498a090bbd6dd056e19e945360ca3fef6733a34763b43b,0xf91478b3a31b8f75913ed4a0de53bdf06653c6603a971afd9705a8523d1d207a
20221014_EFLeverVault,eth,0x5367857Ce84EF41a233eC3Ec0E216c3f9116f28c,0x9a395622c6f3C754Af6b264626bc704173a49B45,0x524dcd6e84b75ab15a44f8047cb3b5c9a685fa42e9adb7d8a49c69ec2e5f119e,0x3095e2ea4db58b86bc5bdb2097176855602b6a2aaac53ba50726044c354389bf
20220929_BXH,bsc,0x81C63d821b7CdF70C61009A81FeF8Db5949AC0C9,0x4e77DF7b9cDcECeC4115e59546F3EAcBA095a89f,0x9e121c8d61a2a4992e3b9f0fc9805bc352127d16885a6752af790fbdb124399c,0x1f2993eaaf776c18be3ca544eb2ca6f32671b159d00db3210b4ce0da6ccc435c
20220928_MEVBOT_Badc0de,eth,0xB9F78307DEd12112c1f09C16009e03eF4ef16612,0x6554FF0f2B6613Bb2baa9A45788AD8574a805f6d,0x1886da396650f668999fd21b0ad269599b64193fd7eaba56cffbbdb68e712d69,0x59ddcf5ee5c687af2cbf291c3ac63bf28316a8ecbb621d9f62d07fa8a5b8ef4e
20220923_RADT-DAO,bsc,0x24303Da90Aa83f09ef052Fb6529A5571B6cca079,0xb0684b184718097fD679A2251F648b170804969a,0x74f86df3928ffb0cb4db357ddf61436617b6f88217cba5c6a2c623b440175fa5,0xe4f697883c2963eda98245bf25ad4613b5f0bf623253ff886066a6dd37dc36f6
20220922_MMR,bsc,0xC578d755Cd56255d3fF6E92E1B6371bA945e3984,0x129F0907146D4cAA07c6B68eAc58c41bc803BBEF,0x6417c424ee1bcf6aa7792648ad2862aaded209b4e4ae976bae6d79564b7b8694,0x86f4fd555eed85efed2cb79d3c61379cb392d60b753e25561e8365a2816f5d00
20220914_Web10,bsc,0x0000000038b8889b6ab9790e20FC16fdC5714922,0x98Ebc1cE16cF0c914068a5D2013E0B09aCF5f433,0x2a72cd4141e5b30aa3050ac9468682d2530ee0522a3bb7fc209c859880828b1c,0x9391f13118f98d66bf42866e30da7e237bdbd783e6550a1059b0f0346c941e2e
20220913_MevBot_Private_TX,bsc,0xEE286554F8b315F0560A15b6f085dDad616D0601,0x5cB11ce550a2E6c24EBFC8DF86C5757b596e69c1,0x007ad24e2f409c008c3f08575b6e7f4c907305381e2adedac55b3bd756a57828,0xd48758ef48d113b78a09f7b8c7cd663ad79e9965852e872fdfc92234c3e598d2
20220909_DPC,bsc,0xf211Fa86CBc60d693D687075B03dFF3c225b25C9,0x2109bbecB0a563e204985524Dd3DB2F6254AB419,0x20271ab48756510eb5466f77c563e924399f4a60fc34c8eaeb9087cf78a23d4d,0x4d9a4b90c0916e547b86dc3df52aeffede0a8b6d59ac16febc50babeef943f15
20220908_YYDS,bsc,0xEd850799CF22b66cb4911539425f8A41423D0933,0x586770E9643BE4Bda002f78bFd205546a6f492B3,0x94c5a2dcf2044e721aa509bf0f9dd556f034a9a4684ad9d6b192e27bc7f93ccd,0x4c56b5e82d4357a539cd1748ca7cb39c2d988d172a9fb6530de040c3fd729190
20220908_NewFreeDAO,bsc,0x22C9736D4Fc73A8fa0EB436D2ce919F5849D6fD2,0xA35ef9fA2F5E0527CB9fBB6F9D3a24cfeD948863,0xdd058fb5a53db0e9236ad7f1b29d7c39e586a1cef53af5866794ed993b9633b7,0x1fea385acf7ff046d928d4041db017e1d7ead66727ce7aacb3296b9d485d4a26
20220905_ZoomproFinance,bsc,0xC578d755Cd56255d3fF6E92E1B6371bA945e3984,0xb8D700f30d93FAb242429245E892600dCC03935D,0x497f1eee0b997d3587b43e9a2094c87e183501896f22efd09d5c32647d64781f,0xe176bd9cfefd40dc03508e91d856bd1fe72ffc1e9260cd63502db68962b4de1a
20220904_DAO,bsc,0x00a62EB08868eC6fEB23465F61aA963B89e57e57,0xB2d7d06B67E67b8a3ACb281d1f9AaA2716F28BBB,0x439d77a2b6d0ebf326ff9a11dd790c3f17a48776edb412a0dc3af38303abe2c1,0x8eb87423f2d021e3acbe35c07875d1d1b30ab6dff14574a3f71f138c432a40ef
20220902_MORTY,bsc,0xC578d755Cd56255d3fF6E92E1B6371bA945e3984,0x3050547f75714856C39019203638E46d1FA99F7E,0x9137c84c797036afdada10b8826423af277d28f946e36c1953a7534e3d0155fc,0x3587ecf78722a4e27ef068ca86fcdc76d50f9481c4e33567ff416f87bc535500
20220826_Shibnobi,bsc,0xC578d755Cd56255d3fF6E92E1B6371bA945e3984,0x24367a7dad5D1C88a96226DF11eeBdf762af0C65,0xb6a8513cda9660602196518470ae9f99af6f589bc500195dfe834e9228895e35,0xcea95d8382c80826f80ada3648fd633eff41cd42df3edfb7a0a6d67d5b6226b9
20220822_CZF_Tigz,bsc,0xC578d755Cd56255d3fF6E92E1B6371bA945e3984,0x98607FE88FbF391E6c0Ee356bB8DE7a81434d259,0xaa975e28cff71bd1e572f3fbb8757d9956b82790adf5f8e88601878ecfca6e2f,0x5fba8ba9d980b16b21f1d9b5b26d99afbccd6510f14496280498de5c9c2a9577
20220814_BUCC,bsc,0xC578d755Cd56255d3fF6E92E1B6371bA945e3984,0x4A444B4C586ADb88e34E23Eb35378fDD7D72b129,0xad8ae2b3beb7038797bcc2d13170a6e6c075a1ba5ee3ff0feef29405afdf52c1,0xb32fb35ed87bd3071aa23c196ffd8219cbb150601b989ac0acab8a83f9c655a2
20220809_ANCH,bsc,0x7f2f5212bB279C228363B085abF8A689F3475B15,0x07D6Bc2a8088B142232Dc9Ca2f2e186E383084e2,0x96f2f56cece0dee8eb8995e91051369e38432300d414ca97d87603c941fc5e9a,0xf68ba761158dd37a7cb5a12a688364998c41a38e3a400ad9ad2a08c59067ed30
20220810_XSTABLE_Protocol,eth,0x334F3606886456537d0eb616497E770CBd2fbe5D,0x4FBB8840D37a21E38c8E438db27AAE7bb91aF052,0xaf7efa897c3ee5d1f14f7cb6f5d4725bc62fb5e2a54b0e76b047c9086b0978a6,0x873f7c77d5489c1990f701e9bb312c103c5ebcdcf0a472db726730814bfd55f3
20220807_EGD_Finance,bsc,0xBc5e8602C4FBA28D0eFdBF3C6A52Be455d9558f5,0xC30808D9373093fBFCEc9e026457C6a9DaB706a7,0xc53e6862a63887d717e0349c5dbd5c5faa333ac6deab13a68bb5b572df879d8c,0x50da0b1b6e34bce59769157df769eb45fa11efc7d0e292900d6b0a86ae66a2b3
20220804_EtnProcudt,bsc,0xde703797Fe9219b0485FB31EDa627AA182b1601E,0x178Bf96E303Fb31aEf1B586271A63aCD33E4EAf7,0xc65ef57228c5cd661c3838abe9f7fc554317c26cc16691bd74d3b66beeafe856,0x72321a3b50bb68ac3b46b0ab973b0e87b6c48ab73d23c4ba2cb73527f978d995
20220803_Qixi,bsc,0x2723e1F6A9A3cD003FD395cc46882E4573cB249F,0xB7B0fE129feFa222eFd4eb1f6BEf9de339339bbB,0x821460706d3f2dbc618efa18e9c1e7da7972b5da66e68829a61892b2637d7958,0x16be4fe1c8fcab578fcb999cbc40885ba0d4ba9f3782a67bd215fb56dc579062
20220725_LPC,bsc,0xd9936EA91a461aA4B727a7e3661bcD6cD257481c,0xCfb7909B7EB27b71fDC482A2883049351a1749d7,0x446e81d2428f7d4bbbd2ef210f5c31ced3dedbfc85a5b7992e2f7857c55012f7,0x0e970ed84424d8ea51f6460ce6105ab68441d4450a80bc8d749fdf01e504ed8c
20220723_Audius,eth,0xa0c7BD318D69424603CBf91e9969870F21B8ab4c,0xbdbB5945f252bc3466A319CDcC3EE8056bf2e569,0x3d6c7922d402b89a8970e943ac3d6d39f2fb6a9114fb8abc373385473eca31ac,0xfefd829e246002a8fd061eede7501bccb6e244a9aacea0ebceaecef5d877a984
20220722_SIL_FInance,bsc,0x4daa3135B016Ac37C46ED03423D314CAeA89ff5e,0x450bD5eC26A44e76a443159FaEe0E5335dCd69d2,0xebdb467fc60a70b418dd6f4523606502e971f0d52add8b1b7053504fe0025a7c,0xe9a9889925e34f789baf02de8cad85a240ced37b49dd93438719de7dec9e5b07
20220714_uBoot,bsc,0x4daa3135B016Ac37C46ED03423D314CAeA89ff5e,0xD90328cB2207Ca9EFDAB3259FFeb83Fd45A889e2,0xa1886ea6824f82cdee34e044aaee29f9dc862e2f66f88c915f9a8ec213ce4ec0,0x9ac9d1fb933d9b629e5addd20b453a334161aa2dd73dea2b0876698065e7f875
20220713_SpaceGodzilla,bsc,0x00a62EB08868eC6fEB23465F61aA963B89e57e57,0x3d817Ea746Edd02C088c4DF47C0eCe0BD28DcD72,0xa56d0f02f641c000d8a3a54b3d7611f4689761447e75b04b942ebae915f544ee,0x7f183df11f1a0225b5eb5bb2296b5dc51c0f3570e8cc15f0754de8e6f8b4cca4
20220710_Omni_NFT,eth,0x627a22FF70Cb84e74c9C70E2d5B0B75af5A1Dcb9,0x5992f10a5b284bE845947A1Ae1694f8560a89FA8,0x193016ce1ed6c7ec6377efd89309f7415c21190619b8e1fe625a6cdcca4f5ba5,0x05d65e0adddc5d9ccfe6cd65be4a7899ebcb6e5ec7a39787971bcc3d6ba73996
20220626_XCarnival,eth,0xb7CBB4d43F1e08327A90B32A8417688C9D0B800a,0x3edf976dF38f7d6273884B4066e3689Ef547D816,0xf12eafb1c48f0b0d793e9e88ba2a3ad0a90112771e580ec92b07daa6e2ddc5d0,0xc417ba285a06a0e493ee0ae692217633e11aac50999c7a5474bee966cda2d461
20220616_InverseFinance,eth,0x7b792E49f640676B3706d666075E903B3A4deEc6,0xf508c58ce37ce40a40997C715075172691F92e2D,0xfb5a4d1aef98458f673f301c2e713613662ad621e8f57065a4da58a6401c0b4d,0x958236266991bc3fe3b77feaacea120f172c0708ad01c7a715b255f218f9313c
20220608_GYMNetwork,bsc,0xB2C035eee03b821cBe78644E5dA8B8eaA711D2e5,0x7cBfD7BCCd0a4a377eC6f6e44857eFe42c91b6eA,0x9cc53b264afb5127d9e503b42f5e3adf0033211c098899eb2960d546b1790cdf,0x8432c1c6613995eeea8a3ae2cfeb9577913db6b7b35dbe26a8c56c02066096e6
20220606_Discover,bsc,0x446247bb10B77D1BCa4D4A396E014526D1ABA277,0x06B912354B167848a4A608a56BC26C680DAD3D79,0xe969233910abecdc2c092b1e97add6b0e6bca9b31173336b4b1cadb931b31fc8,0x8a33a1f8c7af372a9c81ede9e442114f0aabb537e5c3a22c0fd7231c4820f1e9
20220529_NOVO_Protocol,bsc,0x31A7CC04987520cEfaCd46F734943A105b29186E,0x3463A663De4cCC59C8B21190F81027096f18cf2a,0xe3ec19c836fc4472db10f05072144a7555e883aa9dd17cacc77061d68428f0d9,0xc346adf14e5082e6df5aeae650f3d7f606d7e08247c2b856510766b4dfcdc57f
20220524_HackDao,bsc,0xcFc591dB031B760961Fe8943a183741ED7Cd1f82,0x24Cb6980995aEB7d5A9204e04B17dcD1e99a4694,0xb5befe7c879a7c83dc0e0f05316ebcdf16f80daf1e1ca23d050c9f0ea9f353d6,0x04673c95054247588bb8380dbc7d361f08f8f0baa319366f48ad46e51d08422d
20220510_ValasFinance,bsc,0x4daa3135B016Ac37C46ED03423D314CAeA89ff5e,0xC56389b085CBD45ccdf549004f1Ce319a31Dd976,0x4e74589f0982dad53ab7e3c01286e2ac89ed366e800d703d4a568b97cd0605a7,0xf4a534035abbcefa3e2342bae36c94394b6abae5f2da9aecc30b0f9d98f9b17a
20220508_Fortress_Loans,bsc,0xA6AF2872176320015f8ddB2ba013B38Cb35d22Ad,0xcD337b920678cF35143322Ab31ab8977C3463a45,0x4800928c95db2fc877f8ba3e5a41e208231dc97812b0174e75e26cca38af5039,0x13d19809b19ac512da6d110764caee75e2157ea62cb70937c8d9471afcb061bf
20220504_CrucibleFerrum,bsc,0x4daa3135B016Ac37C46ED03423D314CAeA89ff5e,0xc36827d242cf46C949cF3A425af378fa452eCa41,0x9a661bebd9fb64a95d67c004934c8aac97b8fe57bfb960b62c01416b392a1399,0x762a3b110db101653582bf303c6e5a8d65a72ed1e94a38d4e2f4c9b87db3f4dd
20220430_Rari_Capital_Fei_Protocol,eth,0x6162759eDAd730152F0dF8115c698a42E666157F,0x32075bAd9050d4767018084F0Cb87b3182D36C45,0x6d11803ef4a69fc9c4661931dc5fe2ecdf8add74766f81f945ffb7f9539bdcdd,0xadbe5cf9269a001d50990d0c29075b402bcc3a0b0f3258821881621b787b35c6
20220430_Saddle_Finance,eth,0x63341Ba917De90498F3903B199Df5699b4a55AC0,0x7336F819775B1D31Ea472681D70cE7A903482191,0x494b578bce7572e4fb8b1357ddf12754a28eec3439a62f6b14432dacda9cbb76,0x2b023d65485c4bb68d781960c2196588d03b871dc9eb1c054f596b7ca6f7da56
20220424_Wiener_DOGE,bsc,0x962F8B446de3e524CF99042149ebeCC0130BcdBF,0x614a198523Aee53B420FD20d0c97481226C4cE85,0x53a9e095261fa7c1fabab2bcc4ecc826970e4aefded048ae32478f96df956f5f,0x4f2005e3815c15d1a9abd8588dd1464769a00414a6b7adcbfd75a5331d378e1d
20220421_Zeed_Finance,bsc,0xEc14207D56E10F72446576779d9b843e476e0fB0,0x05e55d051AC0a5fb744E71704a8fA4Ee3B103374,0x1891e58000e33b1f04e5672e501ad4a53061e782d6f030c9fb3c5aeaee23f15a,0x0507476234193a9a5c7ae2c47e4c4b833a7c3923cefc6fd7667b72f3ca3fa83a
20220415_Rikkei_Finance,bsc,0x803e0930357bA577Dc414B552402f71656c093ab,0xe6DF12a9f33605F2271D2a2DdC92E509E54E6b5F,0xb660132567cf5fb60af136762729fd9ad0662baf01ac6cc74b0a285e5b3399dd,0x93a9b022df260f1953420cd3e18789e7d1e095459e36fe2eb534918ed1687492
20220412_ElephantMoney,bsc,0xE552133Cc829A7F7e98e349763fAC7aB0F3828b0,0xBCEda90b2880feA5d511d54716229145508996dA,0xb8c95ff7510b8ca13172646c2bab0602adff05ad7eb5199f111a1699826c63bd,0xec317deb2f3efdc1dbf7ed5d3902cdf2c33ae512151646383a8cf8cbcd3d4577
20220409_GYMNetwork,bsc,0x74298086C94dAb3252C5DAC979C9755c2EB08e49,0x4e284686FBCC0F2900F638B04C4D4b433C40a345,0xa6f4bf10c0c49909fc8135ac38a0a658fa4d55f5a20306bb1b0e295f89d2bddf,0xa5b0246f2f8d238bb56c0ddb500b04bbe0c30db650e06a41e00b6a0fff11a7e5
20220327_Revest_Finance,eth,0xef967ECE5322c0D7d26Dab41778ACb55CE5Bd58B,0xb480Ac726528D1c195cD3bb32F19C92E8d928519,0xef6c9cb605bf14a9a9c3c0d6fcf75f34112f604257b8d4bfe0904f7f15d270ae,0xe0b0c2672b760bef4e2851e91c69c8c0ad135c6987bbf1f43f5846d89e691428
20220326_Auctus,eth,0xce88D78016866e6db9BA04FFCc60d9e28B1c99EC,0x0c3BFF87D13063eA505Ff639c3FF8FDBAF7af140,0x215e32d4c6dc5ffa0d7180801d46bfdc72863c8a54a1d510f1efddb20019faee,0x2e7d7e7a6eb157b98974c8687fbd848d0158d37edc1302ea08ee5ddb376befea
20220320_Umbrella_Network,eth,0x1751E3E1aaF1A3E7b973C889b7531F43Fc59F7D0,0x89767960B76b009416Bc7ff4A4B79051eeD0A9EE,0x0fdd9a2e32b8c36bc4827fb5fe5a2d5bb4bb49919a5c311cb0d5b5d37b98a3b2,0x33479bcfbc792aa0f8103ab0d7a3784788b5b0e1467c81ffbed1b7682660b4fa
20220313_Paraluni,bsc,0x94bC1d555E63eEA23fE7FDbf937ef3f9aC5fcF8F,0x4770b5cb9d51EcB7AD5B14f0d4F2cEe8e5563645,0xb83f9044c6693c1f83d0c18f8bb858abca6ee47a5d087253807bf4940707c88f,0xd0b4a1d4964cec578516bd3a2fcb6d46cadefe1fea5a2f18eec4c0a496e696f9
20220305_Bacon_Protocol,eth,0x7C42f2A7D9AD01294Ecef9be1E38272C84607593,0x580CaC65C2620D194371ef29Eb887A7D8DCc91Bf,0xacfcaa8e1c482148f9f2d592c78ca7a27934c7333dab31978ed0aef333a28ab6,0x7d2296bcb936aa5e2397ddf8ccba59f54a178c3901666b49291d880369dbcf31
20220118_Multichain_Anyswap,eth,0xFA2731d0BEde684993AB1109DB7ecf5bF33E8051,0xB5C827FDbbee6f6E9df3A5cB499aEDf5927DE1B8,0x71bc04a3c444c480f18fbe30835b5bd0032a59b9dce0dc2024feb8fb7be5e818,0x4c6a916af1f709394ac4dd8f6e73600005415671dc670ee25a17918ca6584654
20211221_Visor_Finance,eth,0x8Efab89b497b887CDaA2FB08ff71e4b3827774B2,0x10C509AA9ab291C76c45414e7CdBd375e1D5AcE8,0xbe65cb0dd9f4619939cfeb56b3ef3a996e2b028b93fd66443abfa06d6df8e58d,0x69272d8c84d67d1da2f6425b339192fa472898dce936f24818fda415c1c1ff3f
20211130_MonoX_Finance,eth,0xEcbE385F78041895c311070F344b55BfAa953258,0xf079d7911c13369E7fd85607970036D2883aFcfD,0x3c25b170a1690602d994cdafad49805fa07e6309ab3a80ceccef0aed9f5271a7,0x9f14d093a2349de08f02fc0fb018dadb449351d0cdb7d0738ff69cc6fef5f299
20211123_Ploutoz,bsc,0x2f618493B9Ff77D61426E4dbF3b844666a6B315E,0xCD8206410b55e278A9538071A69Ef9E185856D24,0x0d070378f2fd20197ba7fd253d3d78d27dc1f57e5599feec47a3247b0139cee6,0x7fe46c2746855dd57e18f4d33522849ff192e4e26c74835799ba8dab89099457
20211214_Nerve_Bridge,bsc,0xD5476194BdC298B6981F5414B693363F94d69228,0x0aa95DA2766749A081AfcD494F68236b749c5f41,0x19b6408a58c5f266f48209cf300879b075cfc81fa5a26231062986718fa8f7f8,0xfea2477a44ed030fcf8e027587d67ce11e4c7243d750ead76af64665661e8e4b
20211027_Cream_Finance,eth,0x24354D31bC9D90F62FE5f2454709C32049cf866b,0x961D2B694D9097f35cfFfa363eF98823928a330d,0xd253e3b563bf7b8894da2a69db836a4e98e337157564483d8ac72117df355a9d,0x0fe2542079644e107cbf13690eb9c2c65963ccb79089ff96bfaf8dced2331c92
20211015_Indexed_Finance,eth,0xBA5Ed1488bE60BA2FACC6B66C6D6F0beFba22eBe,0xfbC2e6B188013fC5eacd9944e6b8cEd2C467464A,0x9d79a5a7648f44e74b34166e1513f51695f517e2cbf096fd9ae795e5d0d4ea8e,0xbde4521c5ac08d0033019993b0e7e1d29b1457e80e7743d318a3c27649ca4417
20210915_NowSwap_Platform,eth,0x5676E585bf16387bc159Fd4f82416434Cda5f1A3,0xA14660a33Cc608B902f5bB49c8213Bd4c8A4F4Ca,0xe8a689ba79028e28e0289af956ee6970bb8e9bdef453875c252f9e01bfed3f68,0xf3158a7ea59586c5570f5532c22e2582ee9adba2408eabe61622595197c50713
20210915_Nimbus_Platform,eth,0x5676E585bf16387bc159Fd4f82416434Cda5f1A3,0x1BAf1E57feEB33ab9853E87022C519cc954a918A,0x407cdc8ee6663e0da84f72b1b3f16b3f3a44749ec97a9684986f241f4fb0d2d2,0x5908622ce9670fdcd7954aa098aadb3e13882f198b795c6fea5ee6fc2c802d3c
20210830_Cream_Finance,eth,0xcE1F4B4F17224ec6df16Eeb1e3e5321c54Ff6EDe,0xbd51Cb8c06F768d3225b613B79B1386F4c83D1FA,0x478d724da4e6125c889053ccf6068ed0f8f8013dd20bc80bab6a203542c3f93d,0x0016745693d68d734faa408b94cdf2d6c95f511b50f47b03909dc599c1dd9ff6
20210817_XSURGE,bsc,0x59c686272e6f11dC8701A162F938fb085D940ad3,0x1514AAA4dCF56c4Aa90da6a4ed19118E6800dc46,0xa7b0c3b1c370d754553cdea0fcccfba6893e98baf1f27dc32c19f8869878c59b,0x7e2a6ec08464e8e0118368cb933dc64ed9ce36445ecf9c49cacb970ea78531d2
20210625_xWin_Finance,bsc,0xB63F0D8B9aA0c4E68D5630F54BFeFC6Cf2C2AD19,0x67d3737c410F4D206012Cad5cb41b2E155061945,0xf4caf88c125fe3e48eae38e6fcdc9471c72d5bdffd4f0fb76a2dedc03259c9be,0xba0fa8c150b2408eec9bbbbfe63f9ca63e99f3ff53ac46ee08d691883ac05c1d
20210622_Eleven_Finance,bsc,0xc71e2F581b77De945C8A7A191b0B238c81f11eD6,0x8b2979D88Be70ba1b0C48691bDCAe7909d084401,0x0a845393580ab3b05d2cb9ea331c44282a7529f9b708844c18ae716bb2e99176,0x6450d8f4db09972853e948bee44f2cb54b9df786dace774106cd28820e906789
20210603_PancakeHunny,bsc,0x0eF50bE29c82eCF2158ec1886DC6692a2B0Db411,0xb9b0090aaa81f374d66d94a8138D80CaA2002950,0x78e209cc3f47f54788b6a36eab3cad14d80a466be6d2db881eb93acabf146498,0x2b6a16a9fd72419f765cca5c4f746474fdb7f130b8725e9f7fe6c8097dc891ea
20210527_JulSwap,bsc,0xC3bC29941677dB01b9645f7B8B72D27e3BA75372,0x7c591AAB9429Af81287951872595A17d5837Ce03,0x208f63533aad94e3bebf2288b0b87b6f552d25e423e498f8e309701df2743285,0x1751268e620767ff117c5c280e9214389b7c1961c42e77fc704fd88e22f4f77a
20210527_BurgerSwap,bsc,0x6c9f2b95CA3432e5EC5bcd9c19DE0636A23A4994,0xAE0F538409063e66ff0E382113cb1a051fC069cd,0x3ff414eda0102a6f0b89d37eed6bf660e3599bccf6d3b19b9c0e73eb0b8eca6b,0xac8a739c1f668b13d065d56a03c37a686e0aa1c9339e79fcbc5a2d0a6311e333
20210519_PancakeBunny,bsc,0xa0ACC61547f6bd066f7c9663C17A312b6Ad7E187,0xcc598232a75fB1B361510Bce4Ca39d7bC39cf498,0xa49848e9a20ac0175a778bf7787c76fdcfe070df3c48ad51793a1fa749deb0bc,0x897c2de73dd55d7701e1b69ffb3a17b0f4801ced88b0c75fe1551c5fcce6a979
20210516_bEarn,bsc,0x47F341D896b08DaACB344d9021f955247E50d089,0xef39F14213714001456E2E89EDdBDF8c850C3BE6,0x8457f68f4aca0cb2d8f928c78dc97b6125ffc8502bd95e0c62af4fb37c87fb9d,0x603b2bbe2a7d0877b22531735ff686a7caad866f6c0435c37b7b49e4bfd9a36c
20210502_Spartan,bsc,0x3B6e77722e2bBe97C1cfA337B42C0939AEb83671,0x288315639c1145F523Af6d7A5e4ccf8238CD6A51,0x6641376e5c9418c22fc8cc06479792315bf290dec00459d2b34422d3c272fd16,0xb64ae25b0d836c25d115a9368319902c972a0215bd108ae17b1b9617dfb93af8
20210428_Uranium,bsc,0xC47BdD0A852a88A019385ea3fF57Cf8de79F019d,0x2b528a28451e9853F51616f3B0f6D82Af8bEA6Ae,0xdfae4d0ce12bc88ea4189633dbebcec9c0e3d788e09fe86ecc9427cddd7e2cb3,0x5a504fe72ef7fc76dfeb4d979e533af4e23fe37e90b5516186d5787893c37991
20210308_DODO,eth,0x368A6558255bCCaC517da5106647d8182C571b23,0x910FD17B9Bfc42A6eEA822912f036EF5a080Be8A,0xb704a53483a05c0e82f9bfa51a18bc6a61a666df37cd5413277d26b678cb3958,0x395675b56370a9f5fe8b32badfa80043f5291443bd6c8273900476880fb5221e
20210204_Yearn_YDai,eth,0x14EC0cD2aCee4Ce37260b925F74648127a889a28,0x62494b3ed9663334E57f23532155eA0575C487C5,0xf1dce75753f10c51bc58ccd78d5b5099d09a22a2b03062ea3699c0785f6ce709,0x59faab5a1911618064f1ffa1e4649d85c99cfd9f0d64dcebbc1af7d7630da98b
20201121_Pickle_Finance,eth,0xbaC8a476B95eC741E56561a66231F92bc88bB3a8,0x2B0b02ce19c322b4DD55A3949B4Fb6e9377f7913,0x9a7ff500d261c3cfe4fff29dc27adc63b3db8a5b37373d44b67fc3c1525c25fc,0xe72d4e7ba9b5af0cf2a8cfb1e30fd9f388df0ab3da79790be842bfbed11087b0
20201026_Harvest_Finance,eth,0xF224ab004461540778a914ea397c589b677E27bb,0xc6028a9Fa486F52efd2B95B949AC630d287CE0aF,0x117f502fb08f575c8e1dc11d80094d177e2cdcf09b12a8bc121e49fd32f9c6d1,0x35f8d2f572fceaac9288e5d462117850ef2694786992a8c3f6d02612277b0877
20200804_Opyn_Protocol,eth,0x915C2D6f571d3d47A182Dd59D5F41e87d4c3fb8E,0xe7870231992Ab4b1A01814FA0A599115FE94203f,0x24a937ceeb5d08ce9d76537180d3fd5eb5e30d9b5e3df4db8ffb6ef2c396f391,0xa858463f30a08c6f3410ed456e59277fbe62ff14225754d2bb0b4f6a75fdc8ad
20200628_Balancer,eth,0xBF675C80540111A310B06e1482f9127eF4E7469A,0x81D73c55458f024CDC82BbF27468A2dEAA631407,0xab7aaf1d6f0e29a67ab9bbb908acd138ec325a1e176fb86bea3fc50c0aae9306,0x013be97768b702fe8eccef1a40544d5ecb3c1961ad5f87fee4d16fdc08c78106
20200419_LendfMe,eth,0xA9BF70A420d364e923C74448D9D817d3F2A77822,0x538359785a8D5AB1A741A0bA94f26a800759D91D,0xb7449a3a2a36bb3997162fc02759dc4924f098703a4cc7977dbfc540d3ed1168,0xe49304cd3edccf32069dcbbb5df7ac3b8678daad34d0ad1927aa725a8966d52a
20200418_UniSwapV1,eth,0x60f3FdB85B2F7faaa888CA7AfC382c57F6415A81,0xBD2250D713bf98b7E00c26E2907370aD30f0891a,0xfd92e015cf8d68361c23ba8fe0c359c6541c7af73f51def90613f10ef39f3ce7,0x9437dde6c06a20f6d56f69b07f43d5fb918e6c57c97e1fc25a4162c693f578aa